ID	date	meals_served	kitchen_staff	temperature_C	humidity_percent	day_of_week	special_event	past_waste_kg	staff_experience	waste_category	food_waste_kg
0	12/19/2022	196	13	27.88727268	45.36285391	0	0	7.740586989	intermediate	dairy	28.94646534
1	11/21/2023	244	15	10.31787225	64.43047525	1	0	42.31177881	nan	MeAt	51.54905281
4	2/1/2022	148	16	27.71430012	69.04611285	1	0	41.18430513	Beginner	MeAt	53.00832273
5	3/19/2023	157	19	19.17390198	46.29282284	6	0	41.5434925	Beginner	MeAt	48.62152711
6	7/18/2022	297	10	26.37523347	79.74106395	0	0	26.52509668	Intermediate	MEAT	44.15698436
7	3/2/2023	241	18	16.86350635	79.2859195	3	0	11.83487776	Intermediate	dairy	27.39367019
8	4/18/2022	443	16	19.8886271	77.32813583	0	0	22.86265878	Beginner	Vegetables	52.17211773
9	12/16/2023	416	16	18.5595909	75.78650182	5	1	34.59944225	Intermediate	MeAt	72.05240749
10	7/7/2023	439	18	24.11102727	43.39580313	4	0	17.45914863	EXPERT	dairy	44.28415667
11	11/7/2023	267	7	25.41249317	89.40518256	1	0	23.06739248	EXPERT	GRAINS	33.23393011
12	6/8/2022	487	15	20.96518041	53.39234118	2	0	41.07579319	EXPERT	MeAt	61.2133255
13	4/21/2023	418	13	19.56315701	82.53067359	4	0	25.04342845	intermediate	Vegetables	44.93716309
15	1/25/2022	376	19	-10.37220651	54.49838057	1	0	36.25941978	EXPERT	MeAt	50.56869857
16	9/10/2023	372	5	30.22208654	63.6524678	6	0	49.63501382	intermediate	GRAINS	60.79622004
17	4/29/2023	378	12	12.32322861	68.06038438	5	0	41.14602071	nan	MeAt	51.05801766
18	6/3/2024	265	12	15.6852374	63.32972545	0	0	26.92454031	Beginner	MEAT	38.21570049
19	10/13/2023	1560	8	23.74040109	48.59999623	4	0	11.25509923	EXPERT	dairy	127.4351597
20	9/2/2022	283	8	18.91830133	36.07559488	4	1	7.659761939	Beginner	dairy	31.32297931
21	4/27/2024	138	17	31.11973591	67.67960296	5	0	21.02418883	Intermediate	Vegetables	29.5398603
22	9/9/2024	253	17	12.76871113	42.37304431	0	0	6.584682809	nan	dairy	18.66579827
23	4/8/2024	152	8	32.7347548	48.53006544	0	0	27.15630366	EXPERT	GRAINS	31.26441884
24	7/25/2023	1110	11	15.52006574	58.40405289	1	0	38.87818951	Beginner	Vegetables	201.3272265
25	3/1/2022	439	18	13.28337816	56.99053248	1	0	22.96250575	Intermediate	dairy	50.47941711
26	10/18/2022	353	11	10.43789977	70.64323929	1	1	17.26927913	EXPERT	MEAT	45.97954254
27	3/12/2022	489	8	18.01856851	73.81476883	5	0	36.51943096	EXPERT	MeAt	60.20071926
28	12/11/2022	464	11	12.72295855	58.58900303	6	0	23.69813284	Intermediate	Vegetables	45.68508645
29	7/4/2022	430	18	20.39768415	74.99104587	0	0	13.9735219	EXPERT	GRAINS	40.6330731
30	5/22/2022	354	15	24.86941593	56.31230931	6	0	28.56485372	intermediate	MeAt	43.0788799
31	1/26/2023	153	15	12.80760861	48.36824045	3	0	18.20906566	EXPERT	MeAt	27.04674866
32	5/7/2023	338	8	12.94122571	68.06544872	6	0	43.68558133	Intermediate	GRAINS	52.31782236
33	4/6/2024	358	18	11.24605069	62.44407403	5	0	43.56339866	EXPERT	GRAINS	46.62144734
34	4/12/2022	114	8	24.75659847	38.25142649	1	0	25.34389686	nan	MeAt	23.01629157
35	1/20/2024	100	15	28.90661645	30.6054364	5	0	15.80987449	Beginner	MEAT	20.36456423
36	7/6/2023	259	5	19.66152103	74.34159347	3	0	11.18127857	intermediate	GRAINS	35.7345761
37	11/3/2022	174	15	17.95278884	73.84908172	3	0	49.73367446	Intermediate	Vegetables	43.20273263
38	9/13/2024	470	9	26.29169797	84.9154311	4	0	29.18032236	intermediate	dairy	57.92568114
39	11/18/2022	262	13	19.3918063	58.00692463	4	0	34.51564909	intermediate	dairy	44.54682169
40	3/10/2024	218	8	22.4041596	31.85147426	6	0	34.77667305	Beginner	dairy	31.82761608
41	1/1/2024	272	11	16.94755243	32.85847545	0	0	30.91036382	nan	MEAT	39.50264031
42	11/9/2023	492	9	11.09339065	59.68051138	3	0	14.92289542	Intermediate	GRAINS	45.20600927
43	10/16/2023	280	18	20.60742215	76.88093044	0	1	14.55285388	Beginner	GRAINS	53.59927451
44	3/18/2022	317	16	24.06875716	50.4243506	4	0	46.58484722	Beginner	dairy	55.9133145
45	7/12/2022	382	12	24.70145945	36.9442564	1	0	5.655521964	Intermediate	Vegetables	27.94548858
46	3/28/2022	289	7	29.9199457	69.52950421	0	0	29.77122997	Intermediate	MeAt	40.26565844
47	4/4/2023	361	11	19.0736068	63.89906146	1	0	29.566559	Intermediate	MeAt	38.66680034
48	2/18/2022	266	9	14.39613291	72.46129958	4	0	39.71804279	intermediate	MeAt	39.66096851
49	7/7/2024	487	6	24.00455646	56.9450847	6	0	25.59088995	nan	GRAINS	44.2748497
50	1/4/2022	206	11	15.74021462	74.2841474	1	0	22.28191873	Beginner	MeAt	32.44114132
51	11/6/2022	439	8	28.81069407	72.653083	6	1	30.73051922	EXPERT	MEAT	63.61488966
52	1/14/2024	119	19	30.99909951	65.42586539	6	0	41.55467811	intermediate	dairy	39.23947342
53	5/23/2024	351	17	17.71746858	66.06616174	3	0	7.57896395	intermediate	dairy	25.96082789
54	2/3/2023	441	5	19.01931298	70.90491865	4	0	41.72355691	intermediate	MeAt	62.71189112
55	9/9/2023	385	15	33.57077854	57.51587661	5	0	8.089189977	nan	MEAT	31.25663583
56	2/19/2022	373	10	21.71348542	88.36657937	5	0	34.33553895	nan	dairy	53.95318054
57	7/19/2022	236	5	34.80333291	89.4757936	1	0	5.945949803	EXPERT	Vegetables	21.23300933
58	8/22/2023	326	6	19.28521419	33.63773556	1	0	29.0735003	Intermediate	GRAINS	40.21228889
59	8/27/2024	352	15	34.49456145	49.98209231	1	0	14.91435944	EXPERT	MEAT	37.26033256
60	6/1/2024	407	14	23.62763821	62.86708166	5	1	13.27030993	intermediate	GRAINS	50.64036427
62	5/13/2023	188	19	22.74310617	54.94785004	5	0	35.44900857	nan	Vegetables	42.65394571
63	8/27/2023	251	11	13.73094445	43.81505524	6	0	17.57503883	Beginner	dairy	29.20181695
64	1/11/2022	430	16	12.10245561	48.89517532	1	0	8.646737471	Beginner	MEAT	34.9572152
65	6/7/2024	205	10	23.72096642	61.18225577	4	0	17.58363433	Intermediate	MEAT	22.87665994
66	11/2/2023	352	12	21.85840275	54.16586391	3	0	42.34195691	Intermediate	Vegetables	52.86976176
67	7/26/2024	121	15	16.91104226	69.89967097	4	0	16.29006424	Intermediate	MeAt	21.77211585
68	7/17/2024	259	13	21.29242048	53.13681077	2	0	49.15317015	Intermediate	GRAINS	53.34518578
69	7/12/2023	479	13	25.48744379	62.90292217	2	0	19.02072828	intermediate	GRAINS	47.84775705
70	9/29/2023	483	11	28.65518144	40.56572828	4	0	35.33078907	EXPERT	dairy	56.61000757
73	4/14/2024	177	9	19.97090074	43.60364294	6	0	28.2054448	Intermediate	Vegetables	36.36790405
74	8/6/2023	189	9	19.67696901	73.53763202	6	0	38.72205575	Intermediate	MEAT	41.62210377
75	11/30/2022	294	9	10.36667643	56.47342282	2	0	23.55813772	Beginner	MEAT	28.10933876
77	7/30/2022	195	18	19.32121593	79.00339215	5	0	38.40320922	Intermediate	dairy	47.46565108
78	1/20/2022	357	13	10.48122008	81.98319086	3	0	26.44075721	nan	Vegetables	45.21106349
79	4/3/2023	295	11	19.46191059	37.79579547	0	0	26.85410894	EXPERT	MeAt	38.94264924
80	3/30/2022	312	13	32.79590087	43.21351808	2	0	19.30921481	Intermediate	MeAt	27.26059323
81	5/29/2024	385	14	20.44974835	57.00699159	2	0	10.58483155	intermediate	MEAT	28.11173843
82	12/17/2022	376	13	23.73535596	44.42294332	5	0	10.78684187	nan	GRAINS	25.89027149
83	8/7/2022	485	10	24.48537248	65.41713258	6	0	13.73732911	EXPERT	MEAT	42.17290474
84	2/18/2023	454	18	31.73149062	64.99544955	5	0	46.02766446	nan	MEAT	64.69057096
85	10/5/2022	250	8	13.58855905	88.24452922	2	0	34.13560733	intermediate	Vegetables	43.9522039
86	8/17/2024	418	17	31.4218484	51.35826195	5	0	16.93438416	nan	MEAT	37.23267618
88	8/2/2022	212	12	11.72831965	81.11047421	1	0	22.32961713	EXPERT	MeAt	32.89399425
91	12/5/2023	445	19	18.00149581	55.88283893	1	0	41.91458397	Beginner	MEAT	55.89032795
92	5/17/2022	200	19	11.02958738	32.96981121	1	0	44.54461624	intermediate	MEAT	48.46045498
93	7/28/2022	473	11	25.04638459	42.9630819	3	0	5.555347073	nan	MeAt	39.05450728
94	6/7/2023	440	7	24.32603572	71.28266663	2	0	33.33327552	intermediate	dairy	50.20667218
97	7/23/2023	384	17	15.72236512	86.24270629	6	0	17.6626842	EXPERT	dairy	42.92637789
98	9/18/2022	425	8	12.21388961	54.84901346	6	0	49.48429942	Beginner	Vegetables	50.26209513
99	4/13/2023	368	7	14.26194845	36.96136088	3	0	7.419754025	intermediate	MEAT	11.18128162
101	1/31/2022	444	5	29.27460731	83.93084329	0	0	16.55345733	intermediate	MEAT	37.41623061
102	11/29/2023	374	19	15.52658429	75.10633038	2	0	25.26271177	intermediate	dairy	50.8099379
103	3/28/2023	363	14	24.82029979	58.01808	1	0	40.45865601	Intermediate	Vegetables	47.25970472
104	2/24/2022	341	8	30.64801914	67.28066984	3	0	7.164153969	intermediate	MEAT	35.82086139
105	1/24/2022	291	8	14.48743309	75.78931748	0	1	31.6535617	Intermediate	GRAINS	53.90655833
106	1/8/2022	202	10	28.73278065	31.866936	5	0	22.54548858	Intermediate	MeAt	35.9705633
107	4/24/2022	491	9	32.69546632	88.24597239	6	0	13.12332028	Beginner	MEAT	38.18090523
108	4/20/2022	235	5	28.0471907	70.58558174	2	0	23.67321962	Intermediate	dairy	37.03081829
109	5/22/2023	448	7	19.77606908	53.68406123	0	1	47.02396743	Beginner	dairy	61.49662285
110	8/24/2024	107	12	28.1296387	65.82574621	5	0	12.40696732	Beginner	MeAt	18.31672506
111	8/7/2024	172	10	14.22135517	43.75031707	2	0	49.69693384	intermediate	MEAT	39.17646467
112	1/4/2022	206	11	15.71562904	74.2841474	1	0	22.28191873	Beginner	MeAt	32.44114132
113	10/3/2022	228	7	13.1435378	39.09505757	0	0	24.66731848	Beginner	GRAINS	27.8629809
114	10/19/2023	497	15	32.4725206	81.3124191	3	0	27.61095424	Beginner	MeAt	56.47127034
115	2/24/2024	134	6	-10	37.79648234	5	0	49.35957123	Beginner	MeAt	36.16348255
116	5/4/2024	405	19	18.64801119	54.69932763	5	0	11.32462076	intermediate	dairy	29.13275038
118	3/7/2024	350	15	17.48608776	37.50751543	3	0	25.8891777	nan	Vegetables	33.25281357
119	1/29/2022	352	12	33.67797183	78.44376182	5	0	10.3802899	Intermediate	GRAINS	42.43779829
120	1/30/2023	273	6	24.83846423	71.86537656	0	0	36.81568824	Intermediate	Vegetables	37.96778911
121	5/2/2023	495	12	31.6171548	59.91424797	1	0	8.688458059	intermediate	GRAINS	39.02858982
122	9/7/2023	454	16	12.55373824	62.81157846	3	0	5.822378138	Beginner	MEAT	28.61084983
123	5/27/2024	197	6	10.55087901	84.8838669	0	0	45.42598738	Beginner	dairy	43.7896172
124	6/24/2022	269	16	23.56196589	45.4016537	4	0	6.084958703	Beginner	GRAINS	22.43378738
125	7/6/2024	107	9	33.66594885	37.02396249	5	0	17.66077798	Beginner	MeAt	20.9009433
126	2/28/2022	485	18	15.75134208	68.10534635	0	0	17.23039322	nan	dairy	39.33422923
127	9/23/2022	445	9	21.99742704	37.80286695	4	0	10.16391197	Beginner	MeAt	32.13176182
129	2/29/2024	355	18	28.38764016	88.34519994	3	0	6.848067776	EXPERT	MeAt	30.25087654
131	4/11/2022	256	10	18.1481366	57.86599417	0	0	44.26947825	nan	MEAT	53.01918118
132	2/16/2022	120	13	16.51342332	87.97460464	2	0	18.41340427	intermediate	GRAINS	21.20784527
133	10/27/2022	307	18	33.52188391	42.43854019	3	1	25.68400688	nan	MEAT	42.63735985
134	9/8/2023	460	10	26.46730366	40.81847613	4	0	45.68609087	Intermediate	dairy	52.14323561
135	6/28/2022	383	9	15.51402812	35.53708752	1	0	25.66991484	Intermediate	MeAt	36.52771738
136	7/22/2024	104	19	14.66808239	73.54355462	0	0	22.22974163	EXPERT	GRAINS	31.22186098
138	5/20/2022	104	5	13.10549917	47.09448129	4	0	21.71959301	nan	dairy	24.46026017
139	3/14/2024	245	17	28.68048969	69.90877165	3	0	26.81102826	Intermediate	GRAINS	35.34613618
140	6/18/2022	426	17	20.84138335	81.77283017	5	0	44.324373	Beginner	MEAT	60.14733985
141	3/8/2022	149	7	34.11301181	47.02970682	1	0	45.2135864	Beginner	Vegetables	39.13193914
143	3/9/2022	459	19	29.00235196	79.47208849	2	0	8.358729399	Intermediate	GRAINS	41.90591152
144	1/28/2022	121	19	29.07691577	43.96578883	4	0	34.99776882	Beginner	dairy	34.04072701
145	1/13/2022	472	5	23.99610781	70.90016894	3	1	48.95574678	EXPERT	MEAT	74.21989443
146	6/16/2023	109	13	17.9382862	84.36395314	4	0	16.50375922	intermediate	Vegetables	29.94626323
147	11/16/2022	2930	19	17.92989292	33.46446311	2	1	20.74344729	intermediate	MEAT	246.3591693
148	9/11/2024	286	17	34.70163917	50.01640734	2	0	41.09172216	intermediate	dairy	35.99731048
149	5/16/2024	328	12	25.61063616	52.88646248	3	0	9.172166486	EXPERT	Vegetables	21.50917831
150	7/31/2023	134	14	20.11996073	61.84424132	0	0	18.8466266	nan	MEAT	33.67513914
152	10/14/2022	468	12	16.38266312	79.60889843	4	0	32.55240946	nan	GRAINS	55.87701837
153	6/30/2024	250	17	28.85269201	70.32336233	6	0	33.05836378	intermediate	MeAt	41.59604747
154	11/20/2022	268	7	26.22686647	88.17646361	6	0	19.17547282	Beginner	MEAT	41.5442226
155	6/9/2024	180	11	15.65367629	66.32896015	6	0	37.7605516	Intermediate	MeAt	39.12607919
156	6/21/2023	279	8	21.95585058	53.85885478	2	0	6.497058703	EXPERT	MEAT	17.85125891
157	11/24/2023	400	5	17.92306193	84.13418421	4	0	26.49839569	EXPERT	Vegetables	39.90316811
159	6/13/2023	456	9	13.47995062	31.88530929	1	0	46.01816266	nan	Vegetables	58.50068063
161	8/9/2023	490	14	13.34509341	80.83166634	2	0	15.46864873	intermediate	MEAT	40.93511003
162	1/3/2022	370	14	30.49867294	64.63498385	0	0	41.55161544	Beginner	Vegetables	61.37539154
163	3/22/2023	279	12	21.06024841	41.34237148	2	0	19.56788715	EXPERT	GRAINS	40.34801252
165	5/11/2023	217	9	18.65804421	41.16138	3	0	13.75407649	Beginner	Vegetables	19.25607905
168	7/2/2023	435	11	10.00831265	40.90435144	6	0	41.79305202	intermediate	MeAt	49.07073747
169	5/8/2024	488	18	15.91960773	66.330286	2	0	42.64389008	EXPERT	Vegetables	62.42446804
170	6/14/2023	122	10	32.45654068	74.1720255	2	0	14.96827725	nan	Vegetables	23.32765333
171	12/13/2022	363	12	23.16559493	33.56829413	1	0	15.91602197	nan	dairy	35.18432838
173	8/7/2023	214	13	34.09555689	67.18407429	0	1	46.30283974	Beginner	Vegetables	60.76397451
174	8/17/2023	348	13	30.85758415	78.59161124	3	0	41.67824453	nan	MeAt	50.0750537
176	11/5/2022	203	16	34.83342343	81.15346691	5	0	37.8578054	nan	Vegetables	44.89588389
179	8/20/2022	323	11	32.09274174	60.70088319	5	0	45.62437046	EXPERT	dairy	56.33180624
180	9/22/2023	495	5	21.26549142	59.89416003	4	0	38.18344749	nan	dairy	50.3899364
181	8/25/2023	135	13	22.48334587	85.83640829	4	0	19.4326036	nan	MeAt	25.41370454
182	10/25/2023	320	13	16.38533712	78.28518732	2	0	44.52871384	nan	dairy	47.17767975
183	1/10/2022	314	18	14.66571445	36.38062358	0	0	11.21069692	Beginner	MEAT	29.95587031
184	7/4/2024	473	8	14.04049528	30.12111106	3	0	20.17701032	Intermediate	dairy	43.03745324
185	11/11/2022	252	12	29.12977161	51.20764443	4	0	18.627345	Beginner	GRAINS	31.511384
186	4/17/2022	108	5	27.01141566	56.71476674	6	0	25.58493751	nan	MeAt	21.39261116
188	2/25/2022	364	18	17.45936077	63.55108841	4	0	18.30492677	intermediate	Vegetables	29.33196914
189	5/1/2022	127	7	22.05890954	83.48880094	6	0	35.40295893	Intermediate	dairy	36.07175709
190	1/6/2023	479	6	24.52330133	42.03906104	4	0	12.4079231	nan	dairy	38.44454789
191	1/26/2022	260	10	29.72017455	75.55492398	2	0	21.41018043	nan	Vegetables	29.89984605
192	3/14/2022	205	19	28.6459253	33.86947627	0	0	20.17862764	EXPERT	GRAINS	38.08369512
193	1/21/2022	443	17	21.03022943	42.93179213	4	0	19.32368426	nan	dairy	39.76426393
194	2/14/2022	406	10	19.29583823	55.28664249	0	0	28.56036108	EXPERT	MEAT	44.61575936
195	10/24/2022	198	14	29.88775929	89.98282825	0	0	48.07386336	EXPERT	Vegetables	55.70098038
196	11/25/2022	376	10	19.51049261	59.51586601	4	0	26.28623765	nan	MEAT	45.76870445
197	9/5/2022	393	14	27.63463985	80.5034017	0	0	7.113784599	nan	MEAT	43.23185833
198	12/3/2022	275	18	26.06439922	51.73608523	5	0	10.87270518	Beginner	MEAT	27.32213577
200	12/28/2022	148	8	14.92885316	61.63357085	2	0	10.4762888	intermediate	MEAT	33.34149369
201	1/2/2022	448	16	10.09246361	56.13032726	6	0	29.8900387	intermediate	GRAINS	53.20337458
202	8/18/2024	147	18	12.9410997	30.94879177	6	1	12.63916406	nan	GRAINS	38.05111009
204	1/17/2023	290	11	17.38195723	78.55099027	1	0	39.77019447	nan	MEAT	42.26575192
205	11/26/2023	391	13	16.46079051	88.46233432	6	0	39.55864901	Intermediate	GRAINS	47.6725368
206	6/24/2023	349	16	11.99913486	46.03515779	5	0	7.840845914	EXPERT	GRAINS	35.78733656
208	9/15/2023	3160	14	29.52926059	38.21994378	4	1	24.26698279	Intermediate	MEAT	238.8877555
209	7/29/2022	259	6	25.81351333	57.99646708	4	0	11.43323949	Intermediate	GRAINS	20.95483834
210	7/9/2023	495	12	15.29388377	64.23897743	6	0	46.88708337	nan	MeAt	60.22181226
211	1/13/2022	472	5	23.54260385	70.90016894	3	1	48.95574678	EXPERT	MEAT	74.21989443
212	4/27/2023	216	16	16.0914179	46.1380819	3	0	18.02484027	nan	GRAINS	38.75661755
213	3/9/2023	314	19	18.52725061	47.39820714	3	0	37.67500667	EXPERT	dairy	47.78017238
214	9/19/2023	118	12	21.25311081	69.54682587	1	0	24.73913751	nan	dairy	22.84705641
215	3/2/2022	191	19	31.70135806	43.10659097	2	0	31.93677983	Beginner	GRAINS	38.55908134
216	9/14/2023	467	7	16.32646082	70.46093874	3	0	13.32141339	Beginner	GRAINS	41.0481276
217	1/26/2024	111	12	26.0841295	73.90348419	4	0	18.56583768	Intermediate	Vegetables	17.15890222
218	4/3/2022	466	12	10.03079588	31.95874065	6	0	26.00276422	intermediate	GRAINS	50.49974022
219	6/20/2024	361	6	29.67425337	55.82248498	3	0	45.20321281	Beginner	dairy	53.18131419
220	4/8/2023	146	17	24.51187517	86.57902901	5	0	17.3164306	Beginner	Vegetables	30.27600639
221	10/29/2023	338	5	21.95638236	60.88101703	6	0	31.64996297	Intermediate	MEAT	35.13677188
222	9/3/2024	113	12	15.24382369	60.81666279	1	0	43.73005198	Beginner	GRAINS	30.1678432
223	4/23/2023	191	9	34.35411572	46.7063645	6	1	35.71936723	EXPERT	GRAINS	55.45372002
224	11/29/2022	234	18	21.11048632	63.76270194	1	0	38.51315275	nan	GRAINS	53.38694801
226	12/2/2023	266	12	23.94533064	38.89067569	5	0	42.16734136	Intermediate	MeAt	49.84778399
227	4/10/2023	410	5	34.0416434	52.63881968	0	0	9.387846161	intermediate	dairy	27.07492469
228	12/22/2022	416	13	20.77155229	43.24472931	3	0	21.27411927	Beginner	GRAINS	40.8494612
229	12/29/2022	116	13	21.97958074	67.9526466	3	0	31.46421369	EXPERT	GRAINS	34.6361375
230	11/9/2022	211	12	12.72774079	65.58087002	2	0	23.40883169	intermediate	dairy	21.98692899
231	11/15/2022	437	16	31.94727898	62.95934876	1	0	47.2399166	Beginner	MEAT	64.24751649
233	1/16/2023	215	13	14.61462824	79.31559816	0	1	37.53822362	EXPERT	dairy	49.32579704
234	7/2/2022	439	18	14.35483341	54.25438378	5	0	13.85995423	nan	GRAINS	31.35051086
235	12/18/2023	460	15	28.95462528	83.33324544	0	0	46.98304815	Intermediate	GRAINS	65.15092726
236	4/21/2022	162	14	26.42459644	37.90160631	3	0	37.87216149	Beginner	Vegetables	39.83027396
237	6/15/2023	349	18	30.73331013	49.81456676	3	0	7.527290446	EXPERT	MeAt	34.5969022
238	1/13/2023	194	7	13.08056635	34.14177245	4	0	8.031959218	nan	dairy	10.81904791
239	12/15/2023	247	13	13.76690269	54.05650575	4	0	48.54842712	intermediate	MEAT	50.44820957
240	5/22/2024	291	7	18.45657763	77.11612869	2	1	26.70233	Beginner	GRAINS	40.2920136
242	1/2/2024	416	18	14.84884668	73.60495345	1	0	43.4144547	EXPERT	GRAINS	64.14145443
243	10/20/2022	136	14	30.77192978	79.84131063	3	0	21.74540969	Intermediate	MeAt	24.74088554
244	3/13/2023	285	16	32.63811981	73.23930872	0	0	19.09699145	Beginner	MeAt	42.91870707
245	4/15/2024	465	18	33.06557645	82.76046121	0	0	27.3764249	EXPERT	GRAINS	54.10106473
246	11/4/2022	212	16	31.66096669	38.87904884	4	0	5.498534867	Intermediate	MEAT	22.75067208
247	10/17/2022	403	12	19.35741918	60.44678197	0	0	41.47106977	Beginner	Vegetables	44.24663632
249	8/4/2022	1510	11	12.43483481	34.65687868	3	0	47.85868877	intermediate	GRAINS	234.7855672
250	9/23/2023	332	15	32.06148601	54.4004442	5	0	29.16685916	nan	MeAt	34.68493314
251	10/8/2022	362	15	14.05954737	58.67270688	5	0	35.92830032	EXPERT	dairy	48.03801686
252	11/5/2023	273	11	33.00742953	84.0829858	6	0	34.85131403	EXPERT	MEAT	50.76419249
253	3/27/2023	200	14	16.77868591	64.99599107	0	0	6.150640959	EXPERT	MEAT	22.09361071
254	10/26/2022	403	12	25.01523856	79.00541581	2	0	34.35237999	Beginner	MEAT	54.04547989
255	2/25/2024	352	11	30.62826669	63.60550185	6	0	40.60779316	EXPERT	dairy	51.04679255
256	5/18/2022	230	9	26.75963646	79.99902429	2	1	30.12585418	EXPERT	MEAT	39.15972279
257	11/2/2022	215	16	25.12384807	57.68673071	2	0	39.60140201	EXPERT	Vegetables	47.74392062
258	3/18/2024	366	13	24.13874912	70.26331703	0	0	28.91105743	Intermediate	Vegetables	49.18095766
260	8/23/2023	276	16	16.64627842	71.39998424	2	0	6.696397621	EXPERT	MEAT	25.75948014
261	8/5/2023	192	5	14.42217863	42.29887257	5	0	15.5524765	EXPERT	MeAt	26.54928982
262	1/30/2022	335	12	14.15943967	33.5456334	6	0	30.76892839	Intermediate	MeAt	40.60486016
263	6/15/2022	135	12	21.75456482	73.10575379	2	0	40.36663743	intermediate	dairy	40.60640321
265	11/7/2022	353	8	12.26204238	84.41656853	0	0	24.53234792	Intermediate	MEAT	43.94120836
267	4/23/2024	133	16	29.67816507	48.77178965	1	1	31.27636802	EXPERT	MEAT	45.616611
268	12/9/2022	137	19	32.8559129	65.48440557	4	0	13.22380247	Intermediate	MEAT	21.11947702
269	8/29/2023	289	17	31.6165098	54.9385312	1	1	44.8926137	Intermediate	dairy	51.95795871
270	6/11/2023	353	8	17.84319228	72.56297803	6	0	31.21828907	EXPERT	Vegetables	39.05359319
271	3/7/2022	180	7	31.4340023	64.0302468	0	0	11.1059743	Intermediate	MEAT	26.91881091
272	9/24/2023	175	11	12.642337	87.18120127	6	0	42.79989923	Intermediate	dairy	41.75548009
273	6/10/2024	232	5	31.1729682	61.00739635	0	0	41.59164448	Beginner	GRAINS	40.68199037
276	2/10/2024	277	19	12.60343395	62.54826021	5	0	26.93229988	nan	dairy	44.9496488
277	8/10/2022	200	7	26.30308114	57.00740167	2	0	6.161422679	intermediate	MEAT	15.02916773
278	8/24/2022	229	10	26.73476004	75.71440921	2	0	31.51465765	Intermediate	dairy	45.30635158
279	3/6/2023	453	5	-10	57.79036301	0	1	48.43443373	Intermediate	Vegetables	71.75227075
281	3/17/2023	249	10	24.8937682	79.42668541	4	0	28.55332333	Beginner	MeAt	32.1882183
282	8/12/2023	213	9	24.55370574	88.89919943	5	0	33.10987884	Intermediate	Vegetables	45.49679639
283	8/30/2024	402	5	27.17152494	59.61005953	4	1	38.82968545	Beginner	MEAT	65.84575689
284	9/7/2022	424	15	31.60540444	63.58130669	2	0	9.101328775	intermediate	GRAINS	33.79925611
285	8/2/2023	436	13	18.85590601	68.67547048	2	0	8.28516168	nan	MEAT	44.12403296
286	2/14/2023	1380	5	13.7425992	47.55090546	1	0	6.107809273	intermediate	GRAINS	69.86224757
287	3/13/2022	153	12	28.11056682	65.92849778	6	0	39.67012495	Beginner	GRAINS	39.66570793
288	4/5/2022	379	7	25.18266121	33.88121361	1	1	12.47236347	nan	GRAINS	33.99897623
290	10/7/2023	495	14	34.78971022	53.71235558	5	0	6.923282273	Intermediate	GRAINS	32.72761352
291	9/17/2022	286	12	14.50026094	85.5382398	5	0	5.999831691	Intermediate	Vegetables	22.55562531
292	7/24/2022	333	13	30.89995159	35.06354283	6	0	42.67567482	intermediate	dairy	45.64164987
293	3/9/2024	104	18	25.93883161	50.67624507	5	1	26.61324165	intermediate	MeAt	37.80635411
294	9/13/2023	183	8	33.25797212	83.86048036	2	0	29.19130816	intermediate	GRAINS	36.35079062
295	1/1/2023	257	10	25.43379394	50.00443933	6	0	41.3777697	EXPERT	MEAT	35.52878053
297	3/26/2022	314	12	23.25885984	77.3496508	5	0	18.82575328	EXPERT	dairy	32.08983494
298	9/21/2024	393	9	12.1794867	59.96590619	5	0	23.10678728	Beginner	MEAT	43.74184458
299	3/24/2022	403	5	13.84145095	55.7509556	3	0	46.87891144	intermediate	Vegetables	52.23524727
300	6/10/2023	388	16	21.983861	80.29592157	5	0	48.99154822	Intermediate	MEAT	55.60326931
301	3/16/2023	224	18	26.13224594	82.91953018	3	0	5.306661406	Beginner	GRAINS	18.67155168
302	7/22/2023	143	17	25.82974065	72.60812591	5	0	28.08407074	intermediate	MeAt	32.83440122
303	7/15/2023	200	10	14.26661896	62.81779508	5	0	5.07396907	Beginner	dairy	17.93296664
304	6/27/2023	356	14	24.85726876	81.42777359	1	0	25.30699763	EXPERT	MeAt	42.54529405
306	11/28/2022	491	5	23.64217221	61.34664872	0	1	19.8752451	nan	Vegetables	50.22501342
307	1/6/2022	288	5	10.02800279	80.62423958	3	0	49.49759891	nan	MeAt	53.11549256
309	4/15/2022	444	5	13.73951607	40.23491469	4	0	32.62907553	Beginner	MeAt	43.87717045
310	4/8/2022	287	9	15.63850356	71.66702737	4	0	9.785178381	nan	MEAT	22.32773164
311	4/12/2024	2440	13	15.63059256	72.86464582	4	0	18.92357577	EXPERT	MeAt	175.5071295
312	2/27/2024	181	14	19.3365649	72.50938185	1	0	20.26491343	nan	Vegetables	32.01379115
313	3/1/2023	499	17	13.54435984	57.23681089	2	0	11.81170271	Intermediate	MeAt	33.49011058
314	7/23/2024	191	12	12.35090261	67.03494125	1	0	37.35840292	nan	dairy	43.61047253
315	10/9/2022	351	9	14.70872709	61.93545187	6	0	48.27271132	Intermediate	Vegetables	53.65759397
316	9/24/2022	246	17	27.1491934	80.12881418	5	0	27.06838336	Beginner	dairy	44.27149612
317	6/19/2023	199	16	26.65767215	82.65882118	0	0	12.5356885	nan	dairy	22.02736834
318	3/30/2023	159	18	15.77072973	86.42691034	3	0	17.03368753	intermediate	dairy	24.15673617
319	12/26/2022	134	7	26.36732704	31.83296743	0	0	17.39914552	Beginner	GRAINS	28.51882145
320	5/6/2023	100	15	11.57772583	36.65865148	5	1	18.82155416	intermediate	MeAt	43.27533954
321	9/18/2024	462	10	23.13587281	82.42337521	2	0	43.02368841	nan	Vegetables	62.40306271
322	3/27/2024	197	11	11.40340259	76.93027579	2	0	35.00291884	Beginner	Vegetables	52.83357599
323	4/29/2022	330	17	24.27261255	46.13753675	4	0	18.38126891	Intermediate	MEAT	37.38606351
324	9/27/2023	305	10	11.19577051	57.53780876	2	0	49.72027889	Intermediate	MEAT	49.1763238
325	9/8/2022	471	14	23.95350624	36.31555111	3	0	17.86552402	intermediate	GRAINS	29.23523002
327	12/19/2023	100	14	28.58559465	62.67034614	1	0	31.39303015	Beginner	dairy	38.50093835
328	12/6/2023	118	9	28.8296834	73.14959382	2	1	30.28387054	nan	dairy	37.28427428
329	1/10/2022	314	18	14.82832161	36.38062358	0	0	11.21069692	Beginner	MEAT	29.95587031
330	5/9/2024	321	17	28.3112183	44.82789328	3	0	36.69508922	intermediate	Vegetables	49.19383355
331	7/16/2022	3580	7	24.94308913	74.45887502	5	0	23.68062228	Beginner	MeAt	181.1423202
332	10/15/2023	2080	5	11.71782081	57.49407902	6	0	26.72830735	Beginner	GRAINS	140.0929435
333	3/23/2022	450	10	12.27911226	47.1174203	2	0	33.26537891	Intermediate	dairy	41.41139573
334	3/24/2023	425	11	26.7400654	72.90232313	4	1	11.4422611	EXPERT	Vegetables	46.67172979
335	6/18/2023	424	9	30.63001919	73.49138996	6	0	12.72183652	intermediate	dairy	36.67830716
336	10/31/2023	108	17	18.05538759	45.22926469	1	1	13.7423107	EXPERT	Vegetables	26.8800388
337	8/28/2022	259	9	60	52.73461668	6	0	49.28141814	Beginner	MEAT	44.95541731
338	2/16/2023	346	5	13.82459502	45.97008075	3	0	23.73182513	Beginner	GRAINS	38.68007154
341	6/30/2023	115	15	16.94381559	52.95481941	4	0	26.05912081	EXPERT	MEAT	29.99051811
342	6/4/2023	303	14	13.84477874	76.9209201	6	0	43.81234283	Beginner	MEAT	50.95635128
343	8/16/2022	229	17	24.9678495	52.20314008	1	0	10.1093289	Intermediate	MEAT	26.14596348
344	7/11/2024	380	7	12.35379775	30.40092775	3	0	25.55680121	Intermediate	dairy	32.77750556
345	2/9/2023	203	10	28.29895169	72.60660339	3	0	19.38844379	nan	GRAINS	33.74010285
346	6/8/2024	150	19	25.32250402	34.44253307	5	0	11.13666474	Beginner	MeAt	28.13151836
347	6/27/2022	233	9	20.08153403	69.75987078	0	0	13.51776407	Intermediate	Vegetables	27.4842519
348	1/7/2022	120	11	23.89489382	45.23849247	4	0	15.15774757	Beginner	MEAT	29.37195083
350	3/7/2023	421	18	60	44.07920651	1	0	24.26827729	Intermediate	MEAT	33.13949372
351	6/17/2023	345	6	33.81993819	46.0005118	5	0	28.7403642	Intermediate	dairy	52.11980558
353	4/24/2023	157	7	10.5006589	37.77603907	0	1	15.6030283	Beginner	GRAINS	29.62870217
354	11/20/2023	441	15	22.40119597	53.17939038	0	1	27.66598742	Beginner	MEAT	56.19278607
355	1/8/2022	202	10	28.91589509	31.866936	5	0	22.54548858	Intermediate	MeAt	35.9705633
356	6/5/2022	340	18	22.02259579	57.03582114	6	0	19.65581609	EXPERT	Vegetables	44.23563911
357	12/24/2022	246	14	11.78200675	75.75578368	5	0	16.41257469	nan	Vegetables	30.55189265
358	8/8/2023	204	10	16.21450644	83.76450671	1	0	9.861303087	Intermediate	GRAINS	25.79255865
360	11/26/2022	403	15	23.71249304	48.1468487	5	0	6.949187296	EXPERT	MeAt	35.98279896
361	9/26/2023	383	7	21.08182719	43.14704877	1	0	36.90046007	nan	MEAT	53.71556088
362	4/2/2024	296	7	20.87950998	63.53883805	1	0	20.01474008	intermediate	dairy	29.02433765
364	9/4/2023	112	14	19.80984304	67.25451541	0	0	19.66466042	Intermediate	MeAt	17.80869636
365	2/11/2022	343	12	19.56984764	78.14125975	4	0	15.46435992	intermediate	MEAT	35.12250025
366	1/17/2024	404	11	28.73863711	73.38769643	2	0	30.66842711	nan	dairy	45.51292142
367	1/6/2022	288	5	9.865658956	80.62423958	3	0	49.49759891	nan	MeAt	53.11549256
368	3/20/2024	381	16	14.13235277	62.95858629	2	0	32.591836	Intermediate	MEAT	42.13789864
369	5/10/2023	225	10	19.52273814	81.53740113	2	0	8.966847116	nan	GRAINS	14.92897661
370	7/27/2023	401	15	26.39309181	70.29853689	3	0	44.42866152	Beginner	MeAt	54.42878903
372	2/2/2024	1070	9	10.72678451	45.16881637	4	0	31.24075206	Beginner	dairy	146.5487991
373	8/16/2024	206	12	34.19389693	31.77024331	4	0	14.06587645	intermediate	MEAT	33.17869329
374	6/13/2022	270	7	25.39355055	70.47647117	0	0	45.277938	nan	Vegetables	45.55122664
375	8/17/2022	3190	5	19.91649441	31.6452186	2	0	46.28943543	EXPERT	MeAt	274.328783
376	6/8/2023	138	11	33.31826851	44.51333301	3	0	43.85680738	intermediate	MeAt	51.63730321
377	2/26/2024	489	7	23.00741442	76.84391119	0	0	32.06228318	Intermediate	MEAT	48.94411363
378	8/1/2022	279	12	20.32577937	53.24355514	0	0	31.91041028	Beginner	MEAT	32.46326537
379	4/5/2024	457	12	25.77926615	62.05743311	4	0	38.21757217	nan	dairy	55.85060923
380	3/21/2022	301	19	13.98114346	61.87899123	0	1	18.63578781	EXPERT	Vegetables	45.18306144
381	5/29/2022	445	19	29.58556815	79.09240012	6	0	46.21047078	Intermediate	GRAINS	55.65201446
382	10/30/2022	153	5	24.42963092	48.02936314	6	0	30.5848515	EXPERT	MeAt	35.00236606
383	3/25/2023	370	11	11.74829014	65.60914578	5	0	34.59722663	nan	MEAT	40.17273624
384	5/17/2023	371	14	31.83341654	73.82978166	2	0	18.85433564	intermediate	MEAT	39.73588678
385	7/3/2023	346	5	10.44219524	56.13045753	0	1	45.27754718	nan	Vegetables	49.25767946
386	4/21/2024	468	12	16.89299633	60.09092769	6	0	13.62812978	EXPERT	MeAt	37.51097004
387	2/13/2022	230	17	30.53782369	31.08000534	6	0	29.7972929	Intermediate	Vegetables	36.81092527
388	5/9/2023	195	9	18.54186255	30.1728751	1	0	14.79706308	Intermediate	MEAT	18.28295061
389	5/14/2022	313	6	15.02147725	65.45204648	5	0	31.67469234	EXPERT	dairy	41.73749224
390	8/18/2023	263	19	25.73247015	86.84371498	4	0	44.4853457	Beginner	MEAT	56.428655
392	5/23/2023	346	17	22.52882498	85.84843784	1	1	23.10006807	intermediate	MEAT	56.65785032
393	10/18/2023	285	17	22.86643966	75.81474413	2	0	42.63894153	Beginner	MEAT	52.25791761
394	6/1/2023	146	9	30.4683751	32.58041711	3	1	19.67485336	EXPERT	Vegetables	35.63798865
395	4/29/2024	349	15	13.90954511	39.76890298	0	0	17.33541637	Intermediate	Vegetables	30.75525794
397	1/1/2022	202	9	31.97678701	66.82664513	5	0	45.44545504	Intermediate	MEAT	39.90111002
398	2/22/2024	496	16	28.64813022	86.95251761	3	0	40.83352985	EXPERT	dairy	65.3828108
399	1/18/2023	352	8	29.83518145	83.06545653	2	0	37.17047903	nan	MEAT	51.89996541
400	11/13/2022	483	14	20.95430866	32.2788938	6	0	36.53264846	Beginner	Vegetables	59.74643235
401	2/1/2024	472	7	-10	79.08160495	3	0	27.5903689	EXPERT	Vegetables	46.99124468
405	1/5/2022	171	13	32.4402815	78.37175286	2	0	34.98205377	nan	dairy	33.04057771
408	5/6/2022	132	14	11.8104068	44.33139962	4	0	6.888383305	EXPERT	dairy	27.58087729
409	11/28/2023	351	5	25.90176909	80.38896973	1	0	33.49684407	intermediate	Vegetables	38.2283494
410	5/15/2023	472	6	16.99258846	52.26969689	0	0	23.08069108	EXPERT	MEAT	47.26385793
411	8/20/2023	456	15	11.615417	73.4988702	6	0	35.22144843	nan	GRAINS	49.08447386
412	8/29/2024	306	17	13.24566122	52.99705438	3	0	9.606518806	Intermediate	dairy	32.88182962
413	4/1/2022	336	19	14.63647187	74.25394495	4	0	20.55312471	EXPERT	GRAINS	42.59417191
414	1/11/2022	430	16	11.72529559	48.89517532	1	0	8.646737471	Beginner	MEAT	34.9572152
415	7/1/2022	143	15	31.01131016	84.01927608	4	0	42.59176386	Intermediate	GRAINS	54.3304252
416	12/30/2022	271	14	14.86395808	68.66821663	4	1	19.22349577	EXPERT	MeAt	42.46912685
418	1/23/2024	473	5	22.55125534	33.11405662	1	0	8.642918125	intermediate	Vegetables	30.87745733
419	8/20/2024	436	7	17.99167081	84.67009711	1	0	23.86112785	EXPERT	GRAINS	41.17630009
421	10/19/2022	239	19	16.10368226	44.10223289	2	0	37.92029538	Beginner	MeAt	42.20042415
422	5/12/2022	271	17	18.05236756	56.84808848	3	0	28.84866535	EXPERT	MeAt	42.16060755
423	10/28/2022	230	6	30.67097209	76.94329977	4	0	35.40925818	EXPERT	MeAt	40.82006236
424	12/14/2023	157	6	22.20985325	80.75097303	3	0	24.16988838	nan	GRAINS	40.00856515
425	11/23/2022	388	12	25.24579514	35.62034524	2	0	42.23744337	Beginner	MeAt	56.56163848
426	5/25/2022	382	10	17.47089716	32.66326633	2	0	27.61208946	Intermediate	Vegetables	40.79609504
427	1/1/2022	202	9	32.31875912	66.82664513	5	0	45.44545504	Intermediate	MEAT	39.90111002
428	8/21/2024	125	14	34.71039974	51.29164984	2	1	10.0984822	intermediate	dairy	32.53548134
429	6/5/2024	129	9	23.56364508	64.93099381	2	0	16.19685622	EXPERT	Vegetables	21.41751257
430	5/16/2022	326	5	30.5360182	81.24815986	0	0	12.74387146	intermediate	Vegetables	30.03775848
432	12/24/2023	4680	14	24.42931958	31.96857745	6	0	26.20887236	Intermediate	MEAT	251.5389325
433	6/14/2022	128	5	18.22543595	47.80365847	1	0	11.71133717	EXPERT	GRAINS	20.46662548
434	1/29/2022	352	12	33.68244721	78.44376182	5	0	10.3802899	Intermediate	GRAINS	42.43779829
435	11/11/2023	221	16	24.96328939	58.89296042	5	0	47.7868397	intermediate	MEAT	44.92645765
436	7/13/2022	220	11	10.73486114	39.25929392	2	0	16.13298862	nan	dairy	27.46765067
437	6/21/2024	152	6	12.79839818	71.74784866	4	0	22.45254213	intermediate	Vegetables	26.74520896
438	3/24/2024	414	18	27.44176569	53.23423627	6	0	29.10355253	intermediate	MeAt	44.40918622
439	3/10/2023	441	6	30.46767643	63.79733586	4	0	21.51326332	intermediate	dairy	35.60992276
440	9/14/2024	106	14	17.85151987	81.58943012	5	0	13.63799475	nan	MeAt	19.1849958
441	6/19/2022	286	12	11.09154144	30.12623059	6	0	5.580825259	Intermediate	MEAT	20.85405282
443	5/21/2022	317	13	32.40553257	57.7711173	5	1	32.64800033	intermediate	Vegetables	46.93456144
445	1/7/2022	120	11	23.90454338	45.23849247	4	0	15.15774757	Beginner	MEAT	29.37195083
446	3/31/2024	4100	18	21.54332034	80.59668546	6	0	5.993863039	intermediate	dairy	168.8687881
447	6/20/2023	389	7	13.04404778	32.4994091	1	0	25.81670962	Intermediate	MeAt	48.93141133
448	8/19/2024	160	17	28.4932583	34.62871011	0	0	9.303831321	intermediate	dairy	19.10823575
449	5/5/2024	367	18	17.87973803	86.09966591	6	1	17.8913182	Intermediate	dairy	46.59667959
450	3/15/2022	359	10	-10	82.63436743	1	0	47.37095837	intermediate	MeAt	70.47233891
451	1/8/2024	302	12	25.37445601	32.72419689	0	0	14.31756875	intermediate	MeAt	31.78580673
452	6/12/2023	321	9	25.15927361	86.93075735	0	1	49.79633686	intermediate	MEAT	60.55478274
453	8/27/2022	317	17	24.69710928	61.0343629	5	0	47.16175387	intermediate	Vegetables	46.36845767
454	5/26/2022	492	11	33.38004538	46.66932437	3	0	14.03469386	Beginner	Vegetables	47.92574399
455	5/2/2024	358	11	25.492486	53.44092666	3	0	40.506028	Beginner	Vegetables	60.03989131
456	8/23/2022	225	17	21.21943935	32.68670703	1	0	19.86761631	Beginner	MeAt	31.77886727
458	8/3/2022	417	7	20.92913472	54.23387185	2	0	43.46626005	Beginner	Vegetables	60.41570085
459	12/13/2023	225	13	34.12824355	84.22545431	2	0	15.88271879	intermediate	MEAT	20.47811608
461	2/17/2022	428	5	9.783393173	37.64723757	3	0	17.50303234	intermediate	dairy	25.34653996
462	6/25/2024	142	7	22.43139826	68.49791453	1	0	43.81203299	intermediate	MeAt	34.45647908
463	12/9/2023	272	9	28.19867942	49.58030586	5	0	32.86256199	Beginner	MEAT	39.09620205
464	2/27/2023	420	5	60	73.1874872	0	0	21.82762105	Beginner	MEAT	40.89364052
465	7/5/2022	227	8	31.1561323	54.76051957	1	0	16.90123175	intermediate	MEAT	27.46176945
466	2/11/2022	343	12	19.59030651	78.14125975	4	0	15.46435992	intermediate	MEAT	35.12250025
467	2/7/2024	235	11	31.85656177	54.34507012	2	0	14.74606335	nan	dairy	27.05645424
470	2/26/2022	445	15	30.99867912	67.69428663	5	0	46.96450652	EXPERT	MEAT	59.80524072
471	4/28/2023	417	19	26.78896109	58.52439647	4	0	40.24469546	nan	MeAt	61.54448441
472	1/24/2024	358	18	13.11785142	41.46712257	2	0	44.44762222	EXPERT	dairy	58.91165117
473	3/4/2024	411	17	30.0341729	35.89409953	0	0	7.812812368	EXPERT	GRAINS	35.16481028
474	4/14/2023	469	12	60	32.53750495	4	0	35.12106429	nan	MeAt	67.15113611
475	7/15/2024	254	13	29.95860471	33.02933666	0	0	42.25894086	Beginner	MEAT	45.34485118
476	3/12/2023	252	10	18.43067832	85.00750144	6	0	14.29614573	EXPERT	MeAt	20.06418372
477	1/25/2022	376	19	-10	54.49838057	1	0	36.25941978	EXPERT	MeAt	50.56869857
480	2/19/2022	373	10	21.34273311	88.36657937	5	0	34.33553895	nan	dairy	53.95318054
481	10/30/2023	1750	13	32.39536493	78.49652637	0	0	36.54209143	nan	MEAT	249.1738776
482	1/22/2022	393	6	30.86936609	51.6226692	5	0	27.00660989	Intermediate	Vegetables	40.94928374
483	9/24/2024	114	14	32.63399686	77.03924152	1	0	11.96859083	Beginner	Vegetables	29.3542348
484	12/5/2022	474	10	22.51113273	83.66715341	0	0	19.27874648	Beginner	MEAT	45.31894056
485	2/21/2022	188	10	12.55484049	71.95892251	0	0	48.89628627	intermediate	MEAT	43.73146374
487	5/11/2024	412	13	13.19970521	35.03517215	5	0	38.24345793	Intermediate	Vegetables	54.42268691
488	9/16/2024	210	19	30.48137762	77.2424007	0	0	17.21977048	EXPERT	MEAT	36.39223657
489	11/14/2023	128	10	23.75229851	31.9570769	1	1	48.63271725	EXPERT	Vegetables	60.93248672
490	9/22/2024	326	15	27.97693618	62.10153028	6	0	18.41030857	nan	MEAT	37.93917433
491	9/22/2022	351	12	19.93447471	59.27107183	3	0	48.34215622	intermediate	dairy	51.946074
492	12/10/2023	240	10	12.69859287	80.37957934	6	0	42.11631266	EXPERT	GRAINS	39.56599548
493	2/5/2024	263	14	19.69183987	50.21788354	0	0	19.13197131	Beginner	GRAINS	35.33297997
494	1/7/2024	312	7	30.37795961	57.7976192	6	0	29.54706532	Beginner	GRAINS	49.73890577
496	1/31/2023	379	9	29.84359626	30.36532489	1	0	34.8155563	intermediate	MeAt	47.22914499
497	7/13/2023	132	11	17.43387621	82.75530689	3	0	43.0544085	nan	Vegetables	43.49902193
498	6/26/2022	161	7	12.03816224	78.02129274	6	0	10.71933081	nan	Vegetables	28.2688734
499	1/19/2022	4080	7	17.08357371	50.42280556	2	0	19.40122925	intermediate	Vegetables	172.1555823
500	9/6/2024	315	15	18.42101255	47.48974446	4	0	22.73405687	Intermediate	MeAt	37.11049594
501	6/23/2023	493	10	15.81378396	57.29513337	4	0	23.71376027	Beginner	Vegetables	55.15664253
502	9/6/2023	316	6	13.3286251	75.65126067	2	0	10.48457758	nan	MeAt	21.43935177
503	8/14/2023	475	10	14.7423712	84.38525783	0	0	25.34911156	Beginner	GRAINS	48.80799661
504	1/3/2023	472	11	26.75240087	61.71468658	1	1	18.30864032	EXPERT	MeAt	53.28216664
505	3/25/2022	370	18	21.34234087	46.06660053	4	0	35.42472616	Intermediate	MeAt	54.09957064
506	3/3/2022	466	12	34.08091634	37.21483359	3	0	34.38273462	Beginner	Vegetables	54.96912121
508	9/30/2022	138	15	23.04325117	62.72286727	4	0	10.05640169	intermediate	MEAT	20.16181296
509	10/13/2022	159	14	34.08367082	51.37113883	3	0	38.2857304	intermediate	MEAT	40.61710993
510	12/27/2022	291	19	19.50186272	82.32290031	1	0	27.25345063	Beginner	MeAt	41.35946784
511	12/21/2022	466	8	30.55983547	88.29198254	2	0	37.14863457	Beginner	Vegetables	57.51177974
512	8/9/2024	348	16	24.95281573	70.24053152	4	0	30.40879361	intermediate	GRAINS	38.96186734
513	10/6/2022	397	14	33.4954948	76.41233349	3	0	42.96897698	EXPERT	dairy	62.67908497
514	1/4/2023	105	6	33.24014694	77.60364086	2	0	16.50846657	intermediate	dairy	31.40019828
516	9/11/2023	468	7	11.91042149	81.83769484	0	0	47.81285879	Beginner	MEAT	66.99042483
517	8/13/2023	174	14	27.02437068	61.63591085	6	0	8.652390101	intermediate	dairy	21.42808368
518	10/20/2023	322	6	29.56212311	66.18385837	4	0	5.647155619	Intermediate	MeAt	18.61926843
519	1/19/2022	4080	7	17.39195614	50.42280556	2	0	19.40122925	intermediate	Vegetables	172.1555823
520	4/2/2023	202	5	11.30847189	79.6028796	6	0	31.99855362	Intermediate	dairy	33.6121049
521	1/29/2023	459	16	-10	64.62243987	6	0	30.08322339	Beginner	MEAT	60.69037441
522	11/16/2023	438	16	14.09209504	56.66192095	3	0	36.48184399	nan	GRAINS	49.53918175
523	12/25/2023	411	11	31.92846104	68.16254813	0	0	26.26319493	Beginner	MEAT	46.2007474
524	1/11/2023	4010	16	30.57935039	50.50694428	2	0	31.73222595	EXPERT	MEAT	256.3255236
525	2/17/2023	125	17	15.88088962	31.32161527	4	0	21.04570967	EXPERT	GRAINS	19.28638547
526	3/16/2022	409	6	31.70307034	82.63570577	2	0	28.83712847	nan	Vegetables	46.70963283
527	8/5/2024	3170	14	19.07751842	56.3030988	0	0	15.4110939	Intermediate	Vegetables	167.7234728
528	5/16/2023	484	11	33.55967548	82.1857906	1	0	31.00225872	nan	Vegetables	53.3761144
529	8/28/2023	250	14	13.17999407	32.67382941	0	0	40.2125065	Beginner	dairy	51.609715
530	4/25/2022	262	18	28.1071327	45.76053856	0	0	16.81117633	intermediate	GRAINS	30.69250998
531	2/22/2023	490	12	17.80679465	32.02015069	2	0	46.92640882	Intermediate	dairy	66.90638706
532	3/31/2022	307	6	34.18778159	59.30247774	3	0	31.08790248	Beginner	MeAt	49.00091703
533	9/17/2024	337	15	31.99554785	54.68036799	1	0	19.22968052	intermediate	dairy	32.96766261
534	7/21/2024	376	13	14.89023183	43.22902161	6	0	24.12290836	intermediate	MEAT	40.12470597
535	5/24/2024	325	18	33.67589969	89.42170692	4	0	12.85654331	nan	GRAINS	40.60937201
536	10/23/2023	262	6	26.68375995	52.61913252	0	0	32.26667879	intermediate	Vegetables	38.90545265
537	1/12/2022	187	13	18.16083941	30.22902805	2	0	42.33752898	EXPERT	MEAT	48.10629776
538	2/1/2023	213	5	26.16514784	36.056472	2	0	41.3473019	Beginner	Vegetables	36.0643544
539	7/30/2023	341	9	-10	44.34952667	6	0	36.75032202	EXPERT	MeAt	47.53306063
540	2/12/2022	419	15	11.64065361	58.74420379	5	0	15.17149386	Intermediate	dairy	35.56827613
541	6/17/2022	259	16	31.79581947	73.28360707	4	0	20.38312785	Intermediate	dairy	36.10476295
542	2/21/2023	415	15	14.46114913	43.15643772	1	0	35.62157581	intermediate	MeAt	47.9426708
543	8/25/2024	212	6	18.07527996	65.68819288	6	0	7.874589534	Beginner	MEAT	23.81096928
544	3/3/2023	470	12	24.92617292	63.27944088	4	0	19.78511674	Beginner	GRAINS	39.26344792
545	6/29/2023	103	12	31.90262981	34.5830967	3	0	28.85281048	nan	dairy	29.56588823
546	8/6/2024	400	6	32.42965852	89.77573719	1	0	23.19087389	Beginner	GRAINS	43.31566369
547	1/31/2022	444	5	28.79789439	83.93084329	0	0	16.55345733	intermediate	MEAT	37.41623061
548	6/23/2024	225	5	34.45154545	35.52571519	6	0	37.61133144	EXPERT	MEAT	35.83680158
549	10/24/2023	314	9	10.26069248	63.11941813	1	0	27.66687742	Beginner	Vegetables	46.04778612
550	9/15/2022	300	8	26.00007417	35.95813217	3	0	34.38378149	nan	GRAINS	42.76878512
551	12/2/2022	132	14	14.21110963	85.12408264	4	0	28.0928787	EXPERT	MeAt	28.30851582
552	1/16/2022	251	13	10.22681012	89.50455703	6	0	7.961529231	nan	GRAINS	24.31635116
553	11/10/2023	382	16	12.77019905	60.76321487	4	0	13.36826784	nan	MeAt	38.33398807
554	11/21/2022	260	17	18.2095307	86.94672859	0	0	15.1071098	EXPERT	Vegetables	30.57565371
555	3/28/2024	204	8	31.3182005	37.46296987	3	0	27.99368344	nan	dairy	30.46669385
556	8/11/2022	212	12	17.80370142	64.75598123	3	0	29.89807878	intermediate	MEAT	40.8021964
557	6/29/2022	127	9	20.45999472	65.77929113	2	0	38.84579148	Intermediate	GRAINS	34.74902393
558	4/10/2022	140	14	26.28798667	84.64059477	6	0	47.3471717	intermediate	MEAT	59.10045233
559	6/6/2023	317	6	33.9330722	35.99200927	1	0	36.28343598	intermediate	GRAINS	46.14045371
560	1/23/2022	485	19	19.80378029	34.1103244	6	0	43.68003786	Intermediate	MeAt	59.27451313
563	7/16/2024	192	7	19.2983167	67.64919431	1	0	22.00973174	Intermediate	Vegetables	32.16230122
564	1/28/2024	323	16	15.43022744	54.95663427	6	0	14.05687047	intermediate	MEAT	36.12346061
566	3/8/2023	387	7	10.39552729	48.19164357	2	0	33.44086438	nan	Vegetables	43.39204398
567	8/19/2023	493	10	14.97140694	50.24040846	5	0	39.79325756	Intermediate	Vegetables	58.62991169
568	6/17/2024	439	15	21.50405661	40.32663617	0	0	41.23025831	Intermediate	MEAT	64.14623086
569	7/23/2022	406	5	21.64532018	56.9311843	5	0	17.7513831	EXPERT	MEAT	28.63989249
570	1/31/2024	255	6	10.04699709	83.76244798	2	0	5.172671548	Intermediate	GRAINS	23.42633334
571	4/4/2022	152	14	-10	82.11309038	0	0	8.452527208	Intermediate	GRAINS	30.1757089
572	8/26/2023	195	9	16.65048195	59.83874677	5	0	30.30932184	Intermediate	GRAINS	38.30562771
573	3/10/2022	487	12	21.05746906	34.45445238	3	0	45.84809449	EXPERT	GRAINS	53.02811142
574	8/11/2024	220	16	19.09232812	42.24147994	6	0	17.8070172	EXPERT	Vegetables	27.43161176
575	10/12/2022	211	18	15.86403233	80.31295289	2	0	33.382285	Beginner	MeAt	35.66023552
576	5/15/2024	306	15	29.69282539	42.32408451	2	0	13.67917559	Beginner	MEAT	32.57479849
577	3/11/2023	150	6	25.08048526	37.19722158	5	0	11.62521835	EXPERT	MEAT	23.31497214
578	6/3/2022	451	16	24.93689657	70.52521245	4	1	19.53948657	Intermediate	MeAt	40.83410302
579	3/17/2022	290	8	27.87310101	49.82448023	3	0	37.9574801	Beginner	GRAINS	48.02398295
580	2/28/2024	470	6	13.05941893	40.32535376	2	0	29.50679519	Beginner	MEAT	53.67869683
581	8/4/2023	363	6	22.04087116	76.61568062	4	0	36.99504329	intermediate	dairy	44.14709185
582	3/23/2023	269	17	30.79657783	76.98099824	3	0	39.43372252	nan	MEAT	50.15019318
583	7/8/2022	289	14	29.1930972	83.28234386	4	0	14.81784483	intermediate	MeAt	40.83991087
584	9/29/2022	227	6	16.3556145	89.69147838	3	0	31.44636582	Beginner	dairy	36.31985708
585	8/25/2022	152	13	13.64391421	86.79866604	3	0	25.44252786	nan	GRAINS	27.79352746
586	5/3/2023	228	18	25.21216032	53.10720719	2	0	34.1076753	Beginner	Vegetables	34.70708325
587	7/14/2023	278	13	20.75842944	70.53480552	4	0	16.68214777	intermediate	Vegetables	32.14865055
588	4/28/2022	360	8	12.56981011	89.03041877	3	0	44.06761829	intermediate	dairy	52.93159928
589	5/30/2024	434	13	12.22100613	88.62625398	3	0	10.46367075	EXPERT	MeAt	42.26877359
590	5/28/2023	284	6	23.31202981	70.93163284	6	0	18.69088387	Beginner	Vegetables	35.64736634
592	10/6/2023	198	5	21.54867342	71.89866943	4	0	39.239869	EXPERT	MeAt	37.89512641
593	5/7/2022	147	9	23.35605515	58.17850648	5	0	21.36404115	nan	dairy	27.76383141
594	4/27/2022	478	19	13.64805185	58.37382797	2	0	10.00439363	Intermediate	Vegetables	50.20888552
595	4/19/2023	244	12	34.53090936	38.34695093	2	0	12.97072149	intermediate	GRAINS	28.0095098
596	2/2/2022	158	7	22.07921301	82.45360345	2	0	24.16719688	Intermediate	Vegetables	34.50138153
597	2/27/2022	152	18	29.3205695	61.96055321	6	0	28.54458747	nan	MEAT	42.84272293
599	9/7/2024	485	15	17.41224453	76.24455185	5	0	43.29283547	Intermediate	Vegetables	67.29226932
600	1/5/2023	198	15	23.30650533	89.43276197	3	0	19.73394314	nan	GRAINS	36.06727131
601	9/26/2022	4510	8	18.07826643	52.48821407	0	0	7.293869466	Beginner	dairy	170.5549474
602	2/16/2022	120	13	16.31271874	87.97460464	2	0	18.41340427	intermediate	GRAINS	21.20784527
603	12/16/2022	325	19	19.8591331	47.90609474	4	0	9.710418674	nan	GRAINS	28.30852325
604	7/15/2022	332	18	25.15471784	68.27262556	4	0	12.40827927	EXPERT	GRAINS	34.85539944
606	6/18/2024	168	14	28.73209282	85.53133247	1	0	11.1580325	EXPERT	GRAINS	23.75192184
607	1/16/2024	332	8	10.27579036	51.73057529	1	0	10.01694595	Intermediate	dairy	30.40198294
608	6/12/2024	487	7	13.52399069	67.84202827	2	0	39.84887726	Intermediate	GRAINS	53.80048112
610	3/20/2023	441	8	18.58901187	54.14679825	0	0	42.13451171	Beginner	GRAINS	58.34171143
611	3/3/2024	109	17	11.56355567	40.81174525	6	1	5.901045338	Intermediate	MEAT	27.96939657
612	11/1/2022	260	12	13.98218613	77.55128352	1	0	33.47611748	nan	MEAT	36.79946503
613	12/8/2022	257	5	31.17918403	66.12701912	3	0	36.23078363	EXPERT	dairy	34.93707297
614	7/25/2024	416	9	28.93704712	42.88007184	3	0	47.47001501	Beginner	MEAT	59.60539459
616	5/30/2022	141	5	25.30644965	61.89596788	0	0	21.19073421	EXPERT	MEAT	34.97551809
617	5/5/2022	367	12	33.53093761	84.44280988	3	0	14.67124391	Beginner	Vegetables	33.42661312
618	4/26/2024	171	9	20.72217197	88.91434188	4	0	8.791896477	intermediate	MeAt	22.70308288
619	6/4/2024	434	10	20.09944691	41.38891818	1	0	6.114419491	intermediate	MEAT	41.23289697
620	2/20/2022	487	9	33.60759087	79.5623431	6	0	42.45877325	EXPERT	MeAt	51.63918352
621	12/20/2022	383	14	60	31.84740298	1	0	6.391889663	EXPERT	dairy	35.3524741
622	9/25/2024	291	13	28.49178252	55.1633767	2	0	21.7849926	EXPERT	Vegetables	38.97142653
623	5/23/2022	497	19	25.41511455	43.11059006	0	1	19.36055704	EXPERT	MeAt	54.47205
624	4/16/2023	205	15	30.5451611	85.81025793	6	0	15.96070066	nan	dairy	27.95568863
625	2/4/2023	250	8	32.64727762	36.77589856	5	0	5.852543152	Intermediate	dairy	24.92227386
626	7/18/2024	160	6	19.93453476	86.17602836	3	0	25.98139767	Intermediate	dairy	30.96777719
627	11/17/2022	409	14	31.72251564	70.84535358	3	0	15.9710872	EXPERT	GRAINS	43.59308946
628	1/20/2022	357	13	10.46069297	81.98319086	3	0	26.44075721	nan	Vegetables	45.21106349
629	6/26/2024	339	7	18.49443679	72.22753866	2	0	19.21987135	intermediate	Vegetables	33.29639174
630	4/30/2024	261	16	31.32724059	41.21486644	1	0	42.24538377	intermediate	MEAT	48.30380464
631	6/13/2024	237	8	26.60469786	62.97637611	3	0	22.3499104	EXPERT	Vegetables	31.85015943
632	2/12/2023	345	17	30.23824939	81.80404601	6	0	5.041823759	intermediate	dairy	33.82744081
634	11/25/2023	231	14	31.9817165	82.64133673	5	0	26.51715156	nan	MEAT	46.31842087
635	2/8/2022	150	14	21.14895768	52.89671639	1	0	18.8388408	Beginner	Vegetables	24.44965456
636	6/25/2022	144	18	22.33192117	69.91752612	5	0	10.24065187	EXPERT	MEAT	28.9623941
637	9/3/2022	222	10	23.33779813	80.82836938	5	0	36.08268418	nan	MEAT	45.32956183
638	6/11/2024	384	13	20.71576367	74.40968213	1	0	16.58655393	nan	Vegetables	30.53759909
639	12/23/2023	290	19	12.34392302	65.62814885	5	1	13.69220038	Beginner	Vegetables	46.06310464
640	8/1/2024	445	10	21.19007351	78.43135913	3	0	34.4204038	Beginner	Vegetables	53.48801723
641	7/13/2024	451	16	17.06077247	67.51228617	5	0	10.14067124	intermediate	MeAt	35.60112293
642	6/4/2022	330	6	29.59581384	32.69121408	5	0	49.44872926	Intermediate	MEAT	54.95922069
643	10/1/2023	438	12	30.05326395	30.78177407	6	0	46.21134125	intermediate	dairy	50.01830837
644	10/15/2022	101	10	26.54080876	72.54082346	5	0	5.750411607	Beginner	MeAt	16.56675178
645	9/18/2023	286	15	60	53.51149778	0	0	21.34727584	EXPERT	dairy	34.98251327
647	7/24/2023	496	6	15.81613846	66.19750834	0	0	42.00026507	EXPERT	GRAINS	62.70996773
648	3/12/2024	473	18	27.14778178	38.5302268	1	0	10.07794342	EXPERT	Vegetables	38.84622345
650	5/8/2022	161	11	32.06333715	57.0279181	6	0	9.436740361	intermediate	MeAt	17.19956154
651	11/19/2022	307	10	17.42173186	32.06767557	5	0	13.94663274	Beginner	dairy	33.21430954
652	9/13/2022	243	19	15.77827281	61.91476239	1	0	39.46872087	EXPERT	dairy	47.65382663
653	3/1/2024	296	15	15.89643998	56.92881874	4	0	38.5171284	Intermediate	Vegetables	47.09772643
655	7/10/2022	484	6	23.58251308	60.1292166	6	0	25.97523317	nan	Vegetables	47.3905284
656	4/26/2022	388	15	28.72904098	46.29412589	1	0	28.63662885	EXPERT	dairy	43.34716213
658	8/30/2023	323	5	16.08694921	48.115002	2	0	22.93891224	Intermediate	Vegetables	42.11775422
659	6/30/2022	207	7	15.08945701	62.9750194	3	0	45.74924771	intermediate	Vegetables	46.36652962
660	10/29/2022	251	13	26.67428792	74.07467539	5	0	32.83746301	nan	MEAT	45.0669892
661	4/9/2024	264	6	29.50532659	58.93586168	1	0	36.53895646	Beginner	Vegetables	44.81123862
662	6/19/2024	133	7	17.264689	34.10004629	2	0	8.137374163	EXPERT	GRAINS	20.07486561
663	2/20/2024	319	17	13.7249934	58.91204876	1	0	19.04863477	nan	GRAINS	29.38967695
664	1/10/2024	328	15	19.38149761	85.86059825	2	1	15.42195611	EXPERT	GRAINS	42.09719728
666	6/2/2023	193	8	18.06319945	70.01199963	4	0	8.191218177	nan	dairy	31.05819903
667	1/8/2023	136	5	27.94089465	35.38872926	6	0	40.58109959	nan	MeAt	31.93427412
668	2/15/2022	234	9	30.46964108	31.63050097	1	0	17.70181117	Beginner	dairy	35.34209406
669	9/4/2024	127	16	19.47567816	45.2014302	2	0	36.27132709	EXPERT	dairy	36.79611133
671	3/13/2024	164	5	34.7781608	42.80360088	2	0	31.83952796	EXPERT	dairy	30.72327508
672	6/21/2022	185	13	10.52152848	79.77525341	1	0	30.51017583	Intermediate	MEAT	42.84356246
674	5/27/2023	185	16	26.85759516	33.13191774	5	0	11.38974167	Intermediate	Vegetables	23.26068622
675	2/18/2022	266	9	13.97345708	72.46129958	4	0	39.71804279	intermediate	MeAt	39.66096851
676	7/11/2022	476	12	22.8498967	38.33227958	0	0	25.04239367	EXPERT	MEAT	45.92131478
677	6/24/2024	334	12	29.84974291	63.20274097	0	0	42.63870185	nan	GRAINS	50.09050178
678	5/31/2023	168	19	15.29956227	35.12048019	2	0	18.78354486	nan	Vegetables	35.32776629
680	1/11/2024	263	11	23.46739168	53.5094378	3	0	43.20157413	Intermediate	MEAT	44.19898619
681	4/26/2023	328	5	29.21499512	86.63893832	2	1	44.20632323	nan	GRAINS	57.06939004
683	2/14/2024	140	17	22.16494156	75.22978203	2	0	42.32233176	Beginner	dairy	45.63730437
684	12/8/2023	225	11	23.48890551	55.65010988	4	0	46.68387246	intermediate	MeAt	44.27071902
686	1/27/2022	413	6	14.34383688	84.21647066	3	0	38.23276453	intermediate	dairy	51.1302726
688	3/14/2023	162	5	29.31556819	54.08673785	1	1	33.62307892	Intermediate	MEAT	52.61739097
689	1/23/2022	485	19	19.34055808	34.1103244	6	0	43.68003786	Intermediate	MeAt	59.27451313
690	12/31/2022	319	15	14.15829019	79.1878683	5	0	33.21357955	Intermediate	Vegetables	53.13171736
691	8/18/2022	153	8	15.92569643	53.57845352	3	0	40.001506	nan	dairy	36.60976073
692	2/7/2022	274	8	26.90130643	43.60382298	0	0	39.53744738	Intermediate	dairy	49.14366793
693	11/1/2023	173	15	13.13083926	44.74844636	2	0	25.12404645	EXPERT	dairy	39.99950516
694	2/4/2022	287	13	11.61159056	40.14486422	4	0	9.162519707	Beginner	dairy	22.98692078
695	1/10/2023	448	15	34.41813097	32.64971617	1	0	24.61978313	EXPERT	GRAINS	40.02324
696	4/15/2023	223	11	20.56722783	63.87774306	5	0	15.40759677	nan	Vegetables	24.95191437
697	2/5/2022	370	9	31.14547634	53.38556325	5	0	40.11565382	Intermediate	GRAINS	53.44062201
698	11/19/2023	420	16	26.89955689	89.54653736	6	0	36.76803065	EXPERT	dairy	51.13186182
700	1/29/2024	371	16	13.44557248	75.54413636	0	0	45.06064798	Beginner	Vegetables	56.20248094
703	7/9/2024	487	13	23.94951847	42.78510052	1	0	40.23501041	nan	Vegetables	54.59807315
704	7/19/2024	221	16	12.3351993	62.51940449	4	0	40.63710303	Intermediate	Vegetables	35.26192923
705	5/19/2023	291	5	29.65689892	77.77443573	4	0	40.68783628	EXPERT	MEAT	48.43122661
706	2/6/2022	289	10	35.11676371	52.7701742	6	0	35.31657801	Beginner	GRAINS	44.97120795
707	6/14/2024	2830	14	15.40226133	71.38673095	4	0	27.80086059	EXPERT	MEAT	205.0230507
708	8/3/2023	189	10	23.13761555	63.67761258	3	0	38.48128612	Intermediate	MEAT	39.5937958
709	6/10/2022	330	6	24.83196621	82.93551337	4	0	24.01952152	EXPERT	MEAT	41.49873004
710	11/12/2023	293	7	12.37529247	68.12661874	6	0	14.44539333	nan	MEAT	21.31658594
711	6/12/2022	242	7	21.98197321	45.49039525	6	0	5.472213851	nan	Vegetables	27.73959466
712	12/7/2023	138	5	16.73328246	63.79947852	3	0	35.21327327	EXPERT	GRAINS	29.43995128
713	1/27/2024	429	7	29.5099944	68.43813557	5	0	31.97178468	intermediate	MeAt	47.2348539
715	3/11/2024	388	17	14.45631167	33.11371797	0	0	14.86067291	intermediate	dairy	29.67590591
716	1/25/2024	243	19	19.63439708	48.6050723	3	0	37.7991412	intermediate	MEAT	47.99190951
717	3/25/2024	382	13	33.24042307	84.39433264	0	0	32.82308594	EXPERT	GRAINS	52.33876216
718	4/22/2022	238	18	28.92648169	44.05106681	4	0	11.09099457	Beginner	Vegetables	33.74218353
720	6/2/2024	348	7	34.51292055	88.73745042	6	0	19.77734748	Intermediate	dairy	43.31353964
721	4/14/2022	164	8	34.60878519	39.88948052	3	0	5.008393768	nan	GRAINS	13.96070211
723	2/24/2023	135	18	15.15465411	54.96728568	4	0	41.16898562	EXPERT	dairy	40.40082995
724	3/19/2024	440	12	34.49116788	56.11945329	1	0	22.80999558	Beginner	MEAT	43.30844444
725	8/10/2023	295	16	20.46451554	48.90882235	3	0	38.76173573	EXPERT	MeAt	48.27761435
726	1/12/2022	187	13	17.74548202	30.22902805	2	0	42.33752898	EXPERT	MEAT	48.10629776
728	4/30/2022	140	15	10.45919092	54.41831458	5	0	12.31420944	Intermediate	MEAT	27.06549319
729	2/23/2022	113	11	23.17560241	88.9079216	2	0	8.001224663	Intermediate	MEAT	20.2215484
730	6/1/2022	278	18	26.52050296	64.48677326	2	0	13.78387241	intermediate	Vegetables	40.81646091
731	2/8/2023	372	10	17.55151255	38.71179077	2	0	33.73199532	Beginner	GRAINS	54.64554559
733	7/27/2022	414	19	20.13275458	78.48135779	2	0	33.13984819	EXPERT	dairy	52.44275057
734	10/21/2023	221	13	15.69606044	80.12446985	5	0	41.13415856	Beginner	GRAINS	45.11368986
736	9/5/2024	177	5	34.33643475	89.25957554	3	1	5.47480051	Intermediate	GRAINS	21.56554549
738	5/19/2024	165	19	13.62412681	74.00920479	6	0	9.562092911	Beginner	GRAINS	34.46968385
739	2/6/2022	289	10	34.75370932	52.7701742	6	0	35.31657801	Beginner	GRAINS	44.97120795
740	3/29/2023	152	7	27.00329828	50.42224478	2	0	45.64616473	intermediate	Vegetables	42.1180199
741	10/14/2023	138	15	30.76336141	43.92238973	5	0	24.80319838	nan	MeAt	28.31001239
742	9/11/2022	494	10	34.66732451	43.70920481	6	0	7.49371498	nan	dairy	42.15829086
743	10/31/2022	219	19	18.71434168	49.54938705	0	0	7.662968234	Beginner	Vegetables	31.95521541
744	6/29/2024	348	12	28.96062545	57.0411885	5	0	7.234767116	intermediate	MeAt	29.42935627
745	7/26/2023	194	9	14.34381489	33.58298934	2	0	37.97866343	Intermediate	Vegetables	42.90867445
746	9/16/2023	441	17	30.6283049	89.69888216	5	0	7.764130817	Intermediate	dairy	41.61004122
747	2/4/2024	447	12	60	37.52138855	6	0	7.453036735	Intermediate	MEAT	37.2258876
748	9/19/2024	3380	16	16.10849852	68.27725576	3	0	26.43450585	intermediate	dairy	185.6943325
749	9/20/2022	358	19	24.61676751	48.79237566	1	0	48.55112319	nan	GRAINS	58.70008804
752	2/19/2023	405	11	21.82229914	80.53384478	6	0	6.813002558	intermediate	MeAt	40.36216505
753	5/31/2022	479	9	22.10996119	82.79176064	1	0	18.8137527	EXPERT	Vegetables	42.23319999
754	4/28/2024	253	9	16.7034755	44.85060439	6	0	35.61729862	Beginner	GRAINS	46.05697816
755	10/3/2023	243	10	10.88927168	79.76349762	1	0	17.76235655	EXPERT	GRAINS	20.83573917
756	8/14/2024	155	5	17.82904987	33.00111461	2	0	35.8328531	Beginner	GRAINS	38.64098992
757	7/5/2023	483	7	19.11995548	50.50822233	2	0	35.30959602	nan	MEAT	52.26367028
758	5/1/2024	217	10	11.16251466	31.1877395	2	0	38.2940522	Beginner	Vegetables	36.0751442
759	5/4/2023	157	12	22.6709608	81.94920991	3	0	33.12408868	intermediate	MEAT	43.10234704
760	12/12/2023	319	12	12.29677219	55.80617259	1	0	29.83713625	intermediate	MEAT	35.34865768
761	5/28/2022	114	18	25.63261651	47.07373811	5	0	40.61343877	nan	GRAINS	49.26726747
762	5/27/2022	306	7	33.68376157	79.00093053	4	0	19.17546676	EXPERT	Vegetables	36.61806785
763	2/17/2024	244	17	10.57332028	61.05577808	5	0	29.91013397	Intermediate	MEAT	33.49878087
764	1/3/2022	370	14	30.75973332	64.63498385	0	0	41.55161544	Beginner	Vegetables	61.37539154
765	5/3/2024	478	12	24.04982119	41.48566083	4	0	10.35979411	intermediate	Vegetables	44.47820964
766	8/8/2024	381	9	22.6762776	62.81255795	3	0	44.08506627	Beginner	GRAINS	61.47164288
767	10/22/2023	232	14	34.39977124	77.06525148	6	0	49.13572124	Intermediate	GRAINS	44.34609102
769	4/9/2023	454	12	12.21918485	55.34307133	6	0	46.03183829	Beginner	dairy	58.63395686
770	11/22/2022	167	18	25.75521871	60.77414497	1	0	8.111910547	Intermediate	MeAt	19.70232733
771	7/6/2022	447	13	25.71912046	68.7657705	2	0	27.65961417	Beginner	GRAINS	48.45205936
772	5/4/2022	427	6	29.39511839	66.24430062	2	0	36.41892938	intermediate	dairy	48.88488575
773	7/8/2024	459	15	28.76823767	66.73548905	0	0	26.39236349	Intermediate	dairy	54.24576976
774	9/1/2023	367	9	30.2671482	51.25606589	4	0	17.01837534	EXPERT	dairy	34.40843664
775	5/24/2022	458	12	25.32360437	53.80781083	1	0	26.14619174	intermediate	MEAT	51.79770863
776	1/22/2024	153	11	21.75797635	82.96406284	0	0	17.70655636	intermediate	MEAT	23.56271845
777	1/30/2022	335	12	14.16106948	33.5456334	6	0	30.76892839	Intermediate	MeAt	40.60486016
778	7/17/2022	458	17	29.82390237	61.79949138	6	0	5.644890764	Intermediate	dairy	35.47048981
781	10/21/2022	259	18	31.6152209	62.68965945	4	0	28.48479477	intermediate	GRAINS	45.02294444
782	6/15/2024	429	5	12.43906276	38.63651481	5	0	43.52004837	nan	MeAt	55.86183592
783	2/5/2023	226	13	29.24861751	80.52446624	6	1	38.11630791	Intermediate	MEAT	56.36772278
784	5/3/2022	300	10	18.65041419	32.3859579	1	0	32.89858542	intermediate	MEAT	39.36310176
785	7/3/2022	385	14	34.01951379	49.26486583	6	0	24.85177485	Intermediate	MeAt	44.7274694
786	7/22/2022	324	19	19.5961788	61.94956197	4	0	40.44839847	intermediate	MEAT	48.01682078
787	3/15/2023	289	6	16.62238618	39.51744867	2	1	22.92262471	nan	MeAt	55.40461127
788	9/4/2022	354	6	29.54475825	61.86512069	6	0	37.79538	EXPERT	MEAT	51.35502788
790	4/16/2024	100	19	21.80151085	78.52739907	1	0	13.02872435	Beginner	Vegetables	25.52896315
791	4/4/2024	232	18	27.65047519	72.37159098	3	0	11.22656904	Intermediate	MeAt	28.17733934
792	9/1/2024	155	12	10.73410398	77.2061702	6	0	38.45458283	Beginner	GRAINS	38.31161085
794	8/12/2024	313	9	28.31588087	69.23964554	0	0	28.27442425	Beginner	Vegetables	41.91980797
795	5/10/2022	392	16	30.61285117	67.35118174	1	0	16.44175542	Intermediate	GRAINS	37.44362807
796	9/30/2023	151	19	26.47588836	42.83742232	5	0	42.99416889	nan	Vegetables	51.28765189
797	2/7/2023	485	8	16.39112495	58.69559305	1	0	10.98176192	Beginner	GRAINS	35.68984151
798	4/24/2024	447	15	34.37086632	86.11782591	2	0	14.31471206	intermediate	dairy	44.06534192
799	4/10/2024	301	18	10.1757301	37.10954153	2	0	43.49980055	EXPERT	Vegetables	52.15946363
800	1/6/2024	4730	13	28.55870126	60.93956435	5	0	14.09672297	Beginner	Vegetables	236.7408041
801	9/8/2024	464	13	32.95519999	55.64973902	6	0	20.56364861	EXPERT	MEAT	39.74884586
803	10/4/2023	472	9	22.71448224	73.92735641	2	0	19.68269682	EXPERT	GRAINS	40.68538814
804	9/10/2024	113	15	28.98956025	77.98312584	1	1	38.57808373	nan	MeAt	53.27963371
805	3/21/2024	162	19	27.50629899	48.71904122	3	0	41.25209984	EXPERT	Vegetables	42.44814335
806	5/17/2024	440	8	22.36202828	88.92297222	4	0	28.95002937	intermediate	GRAINS	49.70735268
807	9/15/2024	102	8	16.35804953	32.10047489	6	0	37.36554886	nan	MEAT	27.93895928
808	9/17/2023	496	9	22.38630259	61.63395965	6	0	15.07660645	nan	MEAT	41.84589475
809	6/22/2024	304	18	18.89933434	57.4813327	5	0	17.95458551	intermediate	GRAINS	36.33703729
810	3/30/2024	484	5	19.42285412	66.95471494	5	0	7.420188388	EXPERT	MEAT	41.25908194
811	1/22/2023	227	5	12.17597406	73.38896919	6	0	32.21777432	intermediate	dairy	34.23489537
812	2/8/2022	150	14	21.1773098	52.89671639	1	0	18.8388408	Beginner	Vegetables	24.44965456
813	3/17/2024	276	16	15.07340919	75.88314849	6	0	9.775651347	Intermediate	Vegetables	27.55105051
814	5/25/2023	253	8	23.49331547	74.22579303	3	0	36.75359284	Intermediate	MeAt	51.02067059
815	9/25/2022	247	19	-10	52.22381918	6	1	12.62768413	Beginner	dairy	42.58172822
816	5/31/2024	446	5	27.09385264	36.18728174	4	0	37.45095608	Intermediate	dairy	46.16071856
817	3/18/2023	413	7	20.02969785	73.30329316	5	0	46.46810264	Beginner	MeAt	59.7623562
818	5/12/2023	147	18	15.9763833	63.12416188	4	0	41.92484627	Intermediate	MeAt	34.49074581
819	4/23/2022	180	10	33.81621595	77.20502011	5	0	13.89376493	EXPERT	MeAt	26.38852991
820	11/23/2023	316	17	26.78637337	80.83630006	3	0	32.91086094	Beginner	dairy	45.70242226
821	8/21/2022	324	15	21.05060934	39.93770082	6	0	28.6204994	nan	MEAT	50.54387462
822	7/24/2024	269	13	18.91677435	74.36449379	2	0	29.63830478	Beginner	GRAINS	38.45701426
824	11/3/2023	329	14	12.84891587	83.67856785	4	0	34.46264068	Beginner	Vegetables	53.21618977
825	1/9/2023	379	15	-10	30.13905287	0	0	22.31296594	Beginner	dairy	45.1785944
826	10/26/2023	334	13	16.5178325	32.76340405	3	0	47.86325554	Intermediate	dairy	44.27581083
827	6/27/2024	470	10	31.8033925	52.39558887	3	0	43.3495576	intermediate	dairy	55.97651862
828	8/22/2022	484	8	18.27223407	68.74443061	0	0	25.30369362	nan	Vegetables	48.04797046
829	1/15/2022	4590	8	19.26109114	69.31694458	5	0	8.944242629	Beginner	MeAt	170.3477742
830	4/25/2024	194	14	19.28017735	81.04081564	3	0	43.31325866	intermediate	Vegetables	41.14693014
831	11/8/2023	269	6	13.91596092	87.29081958	2	0	40.69078421	Beginner	GRAINS	34.84305024
832	11/14/2022	465	5	32.53439124	74.75160232	0	1	31.50590409	Intermediate	MeAt	55.95444716
833	10/11/2023	250	7	18.87103401	81.25331438	2	0	26.44369119	Beginner	MEAT	33.8857543
835	8/23/2024	356	12	13.06084746	42.92066288	4	0	29.6296108	Beginner	Vegetables	38.24300544
836	12/11/2023	341	10	27.1324504	38.62886102	0	0	35.99647266	EXPERT	dairy	47.76515164
837	12/25/2022	103	13	33.86650075	85.75544388	6	0	33.89389283	Beginner	dairy	40.96961629
838	9/16/2022	223	17	15.61752942	42.53184424	4	0	31.08285938	Beginner	MEAT	42.12533496
839	1/15/2024	146	18	30.81701173	33.67985734	0	0	20.42775342	nan	GRAINS	32.81786647
840	9/20/2023	276	15	15.67411736	36.53359884	2	0	48.98733162	Beginner	GRAINS	51.83170664
841	9/25/2023	364	12	34.70688178	61.352383	0	0	20.2695276	intermediate	MeAt	48.04887711
842	10/10/2022	243	8	28.27073687	40.10021736	0	0	37.86095005	intermediate	MEAT	43.91170489
843	1/12/2023	280	15	23.06202601	67.97437984	3	0	31.53440728	intermediate	Vegetables	43.30363767
844	1/20/2023	355	9	32.94381223	36.26424778	4	0	5.65740487	intermediate	MEAT	30.08613198
846	1/27/2022	413	6	14.41571947	84.21647066	3	0	38.23276453	intermediate	dairy	51.1302726
847	5/26/2024	405	15	14.57538611	86.47634689	6	0	37.03000752	Beginner	MeAt	65.42623921
848	4/18/2023	246	17	17.52132771	70.55086479	1	0	7.865814538	Intermediate	MeAt	22.11169996
850	5/21/2023	377	9	24.16438405	32.1563205	6	0	46.96200156	Intermediate	GRAINS	49.48425077
851	10/2/2023	466	10	12.63418835	30.85140296	0	0	37.30697109	EXPERT	dairy	46.14603049
852	2/15/2022	234	9	30.12073213	31.63050097	1	0	17.70181117	Beginner	dairy	35.34209406
853	3/8/2024	464	11	14.33700186	81.02829689	4	0	32.86419428	nan	GRAINS	47.20295778
854	9/26/2024	218	7	14.78151045	60.0048071	3	0	14.40666668	intermediate	MeAt	16.80629174
855	8/31/2024	226	10	12.32576216	46.99828575	5	0	45.78050837	intermediate	Vegetables	48.22888085
856	9/12/2023	161	9	16.98419285	58.88000259	1	0	11.16594095	EXPERT	GRAINS	19.02901624
857	8/10/2024	146	17	10.83459004	72.05205815	5	0	28.24824163	nan	GRAINS	35.17782493
858	5/14/2024	402	8	30.69670938	34.32666558	1	0	36.32866026	Beginner	MeAt	40.63287407
859	10/8/2023	124	8	34.26874894	87.17380776	6	0	43.90935596	intermediate	dairy	43.86436094
860	7/1/2024	282	19	10.44864196	65.01341804	0	0	7.83978661	Beginner	MeAt	29.8996079
861	7/11/2023	262	17	28.85633861	69.78044077	1	0	38.58632979	EXPERT	dairy	48.86451691
862	11/13/2023	104	18	19.39982225	35.44330213	0	0	16.74133608	intermediate	MeAt	25.76601473
865	3/27/2022	351	10	10.44654731	64.40096074	6	0	21.65110359	nan	dairy	39.0387544
866	8/31/2022	423	5	19.48396475	77.50321556	2	0	35.62511728	Intermediate	GRAINS	42.99511971
867	11/30/2023	463	16	34.45993197	43.72166456	3	0	28.89992734	Intermediate	GRAINS	48.54760345
868	7/29/2024	232	12	14.89602031	49.62267865	0	0	32.75207184	nan	MeAt	36.70950335
869	6/9/2022	321	13	28.120664	73.79161853	3	0	26.12833994	EXPERT	GRAINS	43.10401968
870	6/9/2023	199	11	24.37908376	84.66412217	4	0	10.95295764	Intermediate	MeAt	29.08091138
871	2/5/2022	370	9	31.31036648	53.38556325	5	0	40.11565382	Intermediate	GRAINS	53.44062201
872	6/25/2023	246	12	29.41809076	43.18832093	6	0	22.85397754	EXPERT	MEAT	37.13781335
873	6/20/2022	342	15	14.0418136	73.05432748	0	0	15.20107934	intermediate	MeAt	40.19272923
874	10/17/2023	141	15	12.06544159	87.61006708	1	0	10.20012695	Beginner	GRAINS	21.88699253
875	8/28/2024	279	17	26.40335045	83.09785849	2	0	28.18873346	EXPERT	GRAINS	41.13530377
877	7/2/2024	435	13	13.15634457	61.54537317	1	1	19.60741258	EXPERT	MeAt	52.71161371
878	1/16/2022	251	13	10.32068192	89.50455703	6	0	7.961529231	nan	GRAINS	24.31635116
879	1/4/2024	248	9	26.43900782	51.15615636	3	0	21.2177318	intermediate	MEAT	39.51362623
880	4/6/2022	316	17	16.18849889	87.34946902	2	0	7.749710043	nan	MeAt	22.70197254
881	7/18/2023	164	18	16.63468523	47.46865487	1	1	26.54171861	EXPERT	MEAT	38.15133601
882	8/29/2022	297	15	16.31319455	30.40262342	0	0	40.84179752	EXPERT	GRAINS	56.62338854
883	1/13/2024	246	6	31.20119478	61.92130074	5	0	16.04977817	EXPERT	GRAINS	30.21837914
884	5/13/2024	354	8	19.83619616	70.65245673	0	0	16.9286578	intermediate	GRAINS	29.77714463
885	7/29/2023	352	6	28.10793674	89.41253362	5	0	15.43285813	nan	MEAT	33.07424467
886	11/22/2023	426	5	34.81038501	54.93623375	2	0	27.86637734	intermediate	MEAT	48.93508462
887	4/6/2023	471	6	60	64.30854982	3	1	44.20918613	EXPERT	GRAINS	64.03754685
888	7/8/2023	251	13	14.79456139	68.51159753	5	0	7.072837866	intermediate	Vegetables	22.8185284
889	5/7/2024	335	15	-10	82.67906982	1	0	38.66072345	Beginner	MEAT	52.08286433
891	7/26/2022	251	5	29.40000518	84.60807821	1	0	21.8213649	nan	Vegetables	33.16908684
892	1/28/2023	422	14	25.94963014	67.92538977	5	0	19.9751391	Intermediate	MEAT	41.66875192
895	2/2/2023	387	11	14.36933607	82.13665514	3	0	44.8661298	Beginner	Vegetables	52.40832039
896	2/6/2024	189	11	20.05817812	89.97263512	1	1	27.46395261	nan	dairy	46.17698663
899	1/5/2022	171	13	32.71753273	78.37175286	2	0	34.98205377	nan	dairy	33.04057771
900	2/8/2024	285	16	22.75274281	43.22930608	3	0	44.26816485	Intermediate	GRAINS	48.51387017
901	10/5/2023	168	12	19.68988079	51.30246339	3	0	5.934111446	EXPERT	dairy	25.42610595
903	9/5/2023	378	18	33.90555477	85.71961722	1	0	47.93190193	Beginner	MeAt	64.82519572
904	1/9/2024	351	6	27.19710275	47.40175162	1	0	29.47879001	EXPERT	dairy	53.73733883
905	7/1/2023	379	18	31.28621594	52.06401905	5	0	23.48191604	intermediate	MeAt	37.29872271
906	12/27/2023	233	11	14.02120435	47.71450815	2	0	28.2782067	Intermediate	MeAt	39.95520047
908	11/15/2023	264	6	19.71631997	33.4621757	2	0	38.06188566	nan	GRAINS	40.79206757
909	4/9/2022	479	10	14.02063673	34.93242382	5	0	10.13629862	Beginner	Vegetables	32.7740298
910	3/15/2024	323	18	28.49965967	39.4395768	4	1	6.209044432	intermediate	Vegetables	50.19974135
911	12/29/2023	143	9	30.29380542	57.60014373	4	0	13.97054703	nan	GRAINS	16.53961767
912	7/28/2023	485	10	31.20039713	64.93252559	4	1	37.52530703	Intermediate	MeAt	66.111204
913	2/11/2023	398	19	26.78561674	42.66674827	5	0	11.19333805	Intermediate	Vegetables	39.3309382
914	5/18/2023	288	11	14.04410528	68.86279026	3	0	26.47400357	EXPERT	GRAINS	48.44798693
915	2/17/2022	428	5	10.025737	37.64723757	3	0	17.50303234	intermediate	dairy	25.34653996
916	2/2/2022	158	7	21.83934721	82.45360345	2	0	24.16719688	Intermediate	Vegetables	34.50138153
917	2/19/2024	311	5	25.91226628	67.70604285	0	0	24.38862239	intermediate	MEAT	45.2048282
918	4/19/2024	304	5	11.11487271	48.99297992	4	0	32.63599293	nan	MeAt	41.86865817
919	7/20/2022	417	11	17.09636322	79.20075775	2	1	41.88242989	Intermediate	MeAt	64.78060167
920	5/15/2022	134	8	27.32984852	62.2204493	6	0	11.67621518	nan	MeAt	18.39455257
921	1/28/2022	121	19	29.27135271	43.96578883	4	0	34.99776882	Beginner	dairy	34.04072701
922	8/4/2024	177	9	25.33682847	60.76358366	6	0	44.81635762	Intermediate	MeAt	51.52253074
923	8/19/2022	442	18	15.86685096	61.54875593	4	0	42.00526002	Intermediate	MeAt	62.60608511
924	5/5/2023	221	18	13.98260052	58.55806386	4	0	33.72577598	nan	MEAT	39.87593993
925	2/12/2024	319	5	27.57358602	52.84138087	0	0	16.77879951	intermediate	MEAT	33.41630659
926	1/14/2023	198	10	31.48539483	30.33994887	5	0	42.41933539	intermediate	MEAT	43.36184845
927	10/16/2022	484	10	34.46578219	40.63025552	6	1	13.7648074	intermediate	MeAt	53.00415238
929	11/6/2023	240	7	23.01920355	39.22842148	0	0	10.32000854	intermediate	dairy	19.96310244
930	1/27/2023	157	10	10.06460037	62.94782018	4	0	16.96989619	Intermediate	dairy	24.28108353
931	8/16/2023	376	15	18.08750987	68.56913489	2	0	35.89312744	Beginner	MEAT	47.73363045
932	5/14/2023	336	11	30.63215271	73.179229	6	0	33.62213041	intermediate	MEAT	45.41502826
933	5/19/2022	356	13	60	80.63547676	3	0	44.14720248	intermediate	MEAT	50.38555888
934	3/4/2022	363	11	10.78255784	34.10045613	4	0	11.92637794	EXPERT	MEAT	37.71238989
935	4/17/2023	257	19	10.03091699	80.65492214	0	0	18.77212248	EXPERT	GRAINS	28.11693068
937	5/9/2022	315	14	12.06271336	58.37828077	0	0	10.24150324	Beginner	MEAT	31.20422343
938	2/10/2022	154	15	24.68077788	54.76566776	3	0	40.84288339	nan	Vegetables	30.73856136
939	6/5/2023	499	19	15.59036086	62.62834367	0	0	15.48827654	Intermediate	MeAt	47.98713557
941	2/1/2022	148	16	27.56975997	69.04611285	1	0	41.18430513	Beginner	MeAt	53.00832273
942	3/6/2022	305	11	32.73811277	32.76741386	6	0	29.51475021	Beginner	MeAt	38.2147843
943	3/23/2024	441	14	24.6619773	60.40035894	5	0	48.29459469	nan	MEAT	58.30576204
944	1/15/2022	4590	8	19.41738405	69.31694458	5	0	8.944242629	Beginner	MeAt	170.3477742
945	6/6/2022	151	9	11.01885265	85.76560167	0	0	22.73612211	intermediate	MEAT	35.9248023
946	2/10/2022	154	15	24.85989648	54.76566776	3	0	40.84288339	nan	Vegetables	30.73856136
947	5/8/2023	389	8	15.6839325	76.2468371	0	0	48.17624823	EXPERT	dairy	43.53105079
948	1/15/2023	287	12	29.99452739	86.22546171	6	0	12.9796949	nan	Vegetables	34.45847652
950	2/3/2024	221	15	14.17212795	46.28631466	5	0	31.05343941	EXPERT	dairy	43.36948874
951	8/5/2022	367	7	20.12551998	62.55206211	4	0	44.76041278	Beginner	GRAINS	52.06505071
952	7/10/2024	283	12	23.81284037	86.34342576	2	1	38.75689532	Beginner	dairy	59.0082192
953	3/2/2024	402	11	19.28555005	39.54150022	5	0	25.06799953	intermediate	MEAT	40.62244912
954	2/22/2022	415	10	31.35524436	80.36765457	1	0	26.33739333	Beginner	dairy	50.90423004
955	5/28/2024	437	13	28.00020099	30.68883958	1	0	31.22087659	nan	Vegetables	49.66159944
956	12/4/2022	470	8	28.9836082	73.54298779	6	1	24.82426219	EXPERT	dairy	66.95166163
957	1/19/2024	242	6	26.95947057	42.21470265	4	1	37.16130539	EXPERT	MEAT	54.79859302
958	12/21/2023	447	17	12.64826781	45.31854459	3	0	39.16898848	nan	MeAt	47.25989722
959	12/26/2023	216	5	20.84501281	51.86125431	1	0	22.02010319	Beginner	Vegetables	34.67606562
960	10/23/2022	332	16	12.82774548	64.97906557	6	1	13.15515025	intermediate	dairy	48.7746126
961	12/3/2023	190	7	14.51486495	70.77299563	6	0	36.3452631	EXPERT	MEAT	31.26971728
962	9/9/2022	197	5	23.49764599	40.04158399	4	0	35.25754158	intermediate	GRAINS	36.24750311
963	12/28/2023	157	14	23.95105813	82.76979424	3	0	23.5898329	Beginner	MEAT	30.11915726
964	4/7/2023	449	11	18.33923874	84.43198929	4	0	40.32876458	EXPERT	Vegetables	55.04314173
965	4/1/2023	104	16	14.75812157	85.85324232	5	0	8.708268734	intermediate	Vegetables	23.12255786
966	9/28/2022	407	17	24.50280574	56.64766279	2	0	14.35025394	intermediate	dairy	41.6967683
967	3/26/2024	276	19	29.5645485	30.9637119	1	0	35.6302568	EXPERT	MEAT	43.85322208
968	5/12/2024	211	11	32.05339036	50.00775562	6	0	18.78205492	Intermediate	dairy	29.37217907
969	9/27/2022	298	16	34.3274437	58.44038571	1	0	32.78881018	Beginner	MEAT	47.98337417
970	1/24/2022	291	8	14.89176593	75.78931748	0	1	31.6535617	Intermediate	GRAINS	53.90655833
971	7/21/2022	264	19	18.97877574	71.69294242	3	0	42.11841954	EXPERT	Vegetables	52.01799209
972	6/11/2022	336	16	26.25735465	70.25658028	5	0	49.80370251	nan	MEAT	62.61546842
973	7/10/2023	277	6	22.11503968	64.08555074	0	0	34.73593384	Intermediate	MEAT	44.34145337
974	12/31/2023	259	14	32.03626949	79.60480608	6	0	8.252462641	EXPERT	MeAt	25.55215701
975	2/6/2023	254	5	23.91592645	44.53387307	0	0	14.37798081	Intermediate	dairy	22.74766865
976	12/4/2023	301	12	11.34645517	43.49341301	0	0	46.5832845	EXPERT	dairy	53.08619377
977	4/22/2023	374	19	12.99572505	40.9684342	5	0	8.791491984	EXPERT	MEAT	31.40507786
979	2/11/2024	127	12	15.63596889	38.97608697	6	0	36.11372259	nan	Vegetables	31.88777264
981	7/20/2023	429	14	27.29045139	39.13966714	3	0	9.743237868	intermediate	GRAINS	36.80552197
982	1/25/2023	322	19	23.16247985	31.4699069	2	0	18.89610239	nan	Vegetables	32.70183795
983	1/2/2022	448	16	10.12862927	56.13032726	6	0	29.8900387	intermediate	GRAINS	53.20337458
985	2/13/2022	230	17	30.79673593	31.08000534	6	0	29.7972929	Intermediate	Vegetables	36.81092527
986	7/16/2023	367	10	11.86574536	79.78578722	6	1	21.93867331	intermediate	GRAINS	46.74125686
987	7/20/2024	150	14	-10	86.37909068	5	1	23.10381686	intermediate	Vegetables	47.43900059
988	3/22/2022	369	10	15.09253123	80.28913101	1	0	48.49463824	intermediate	MEAT	52.75777212
989	7/25/2022	271	5	15.89480235	53.9621249	0	0	29.43491597	Beginner	GRAINS	32.70470352
990	2/4/2022	287	13	11.86736044	40.14486422	4	0	9.162519707	Beginner	dairy	22.98692078
991	7/31/2024	111	19	23.00476308	35.05807888	2	0	20.5788599	intermediate	GRAINS	22.37472883
992	2/15/2024	327	10	24.98422414	31.24028213	3	0	13.56516388	EXPERT	MeAt	33.67694826
993	5/24/2023	175	7	19.92946944	37.54345614	2	0	26.09554462	EXPERT	MEAT	33.93092651
994	3/4/2023	242	7	26.89603113	68.22545022	5	0	7.450972132	nan	GRAINS	20.19165013
995	3/31/2023	207	6	21.42146612	34.96292769	4	1	41.55758259	Intermediate	Vegetables	56.54150423
996	2/7/2022	274	8	26.9268561	43.60382298	0	0	39.53744738	Intermediate	dairy	49.14366793
997	1/2/2023	145	6	23.07711811	73.98307139	0	0	32.52408887	nan	MeAt	36.97148718
998	4/2/2022	437	15	21.55243227	61.51438545	5	1	41.70962321	nan	GRAINS	79.93317556
999	12/6/2022	121	11	23.55909162	57.35875655	1	0	46.03818129	nan	MEAT	44.78150921
1000	6/16/2024	372	17	31.54967271	65.72157968	6	0	38.74791568	Intermediate	MeAt	49.3474648
1002	12/12/2022	150	7	13.7247964	89.76737698	0	0	45.86067902	Beginner	dairy	39.12581412
1003	2/16/2024	291	13	25.0536411	46.14117881	4	1	46.27492663	intermediate	Vegetables	55.46700494
1004	8/30/2022	346	11	18.9812687	53.15247017	1	1	39.05411406	intermediate	Vegetables	62.04979168
1006	11/12/2022	448	19	33.14187077	57.50798547	5	0	37.88958305	Intermediate	MEAT	63.98236564
1007	8/24/2023	198	17	26.15225309	71.40579349	3	0	41.36305177	EXPERT	dairy	37.58296477
1008	1/23/2023	117	5	30.39371609	46.82006765	0	0	22.43530832	EXPERT	MEAT	37.55246724
1009	10/1/2022	437	19	18.5663372	35.29210223	5	0	19.93939121	EXPERT	MEAT	50.81830564
1010	6/16/2022	112	10	28.60697664	87.24198766	3	0	32.80692019	EXPERT	dairy	34.31018605
1011	4/20/2024	359	13	10.90719057	78.9846471	5	0	19.66210628	Intermediate	MEAT	32.07990281
1012	1/21/2022	443	17	20.8060196	42.93179213	4	0	19.32368426	nan	dairy	39.76426393
1013	10/9/2023	478	19	33.55788474	88.02316089	0	0	10.33972765	Intermediate	Vegetables	44.82262729
1014	3/29/2024	198	9	15.63853325	77.85284163	4	0	24.2943931	EXPERT	GRAINS	41.30178487
1015	4/30/2023	226	6	16.42618166	89.96797489	6	0	49.39534014	EXPERT	MEAT	46.88100458
1016	2/12/2022	419	15	11.95236721	58.74420379	5	0	15.17149386	Intermediate	dairy	35.56827613
1017	5/20/2023	168	11	24.36468456	75.2413821	5	0	49.15587189	Intermediate	MeAt	46.9895031
1018	4/11/2024	182	9	11.43200628	87.69080034	3	0	23.8231	EXPERT	GRAINS	30.49192342
1019	9/1/2022	302	18	25.13845394	65.75933053	3	1	12.47336836	nan	MEAT	49.75997791
1020	7/21/2023	142	14	25.45129186	83.96731275	4	0	29.92205483	intermediate	MeAt	35.22022046
1021	5/25/2024	393	14	34.18390444	49.51523436	5	0	36.83418238	Beginner	GRAINS	50.27917829
1022	7/17/2023	422	15	29.56740102	66.3687939	0	0	30.68426664	Intermediate	Vegetables	45.65938336
1023	1/26/2022	260	10	30.16811189	75.55492398	2	0	21.41018043	nan	Vegetables	29.89984605
1024	11/18/2023	464	9	33.20793832	67.32237374	5	0	10.2120387	Beginner	dairy	44.96087928
1025	8/15/2024	449	6	29.96483181	84.6912776	3	0	18.05198127	nan	Vegetables	37.53633783
1026	7/9/2022	324	13	22.62112205	65.92154414	5	0	47.09201726	Beginner	MeAt	60.6258688
1027	9/2/2024	313	7	30.57396116	53.84688941	0	0	28.97721668	EXPERT	MeAt	34.78214518
1028	12/1/2023	281	18	28.70479765	87.3792056	4	1	38.55729498	Beginner	GRAINS	56.32568804
1029	5/26/2023	243	17	25.69875132	88.47550868	4	0	46.49863676	EXPERT	MeAt	54.53739059
1030	4/20/2023	219	10	21.87216359	45.25388302	3	0	5.231283241	Intermediate	MeAt	28.29774708
1031	5/6/2024	153	12	29.29644315	55.83241257	0	0	28.31347243	nan	GRAINS	38.31396486
1032	1/18/2024	113	7	28.96690975	42.03361506	3	0	31.1703892	intermediate	MeAt	32.39586338
1033	9/10/2022	297	10	10.85469415	88.32151539	5	1	12.64426675	EXPERT	MeAt	44.56475439
1034	1/22/2022	393	6	31.00303757	51.6226692	5	0	27.00660989	Intermediate	Vegetables	40.94928374
1035	4/5/2023	464	16	34.88701227	81.9928789	2	0	46.67923408	intermediate	dairy	58.57742181
1036	10/4/2022	366	8	13.31786635	31.85625868	1	0	33.24854367	Intermediate	Vegetables	42.55481316
1037	8/13/2024	338	17	30.50943769	79.10217399	1	0	43.16816742	Intermediate	MEAT	48.36665656
1039	3/16/2024	338	9	33.75781882	37.13246347	5	0	22.12168485	EXPERT	MeAt	34.75102786
1040	12/10/2022	329	10	30.34415721	78.39536054	5	0	19.35702834	Intermediate	dairy	43.91055238
1041	2/9/2024	415	11	28.08511914	75.74897307	4	0	8.919918026	nan	MeAt	41.32126701
1042	5/11/2022	198	6	18.94503377	58.18462578	2	0	18.29605661	EXPERT	GRAINS	25.53336247
1043	5/21/2024	202	9	14.77976754	76.85975362	1	0	41.5207402	intermediate	MeAt	42.88728265
1044	3/29/2022	395	18	17.35419933	45.13843499	1	0	40.55066787	Intermediate	GRAINS	50.36915179
1045	11/27/2022	483	11	24.91213687	59.48509065	6	0	36.47027598	intermediate	dairy	43.07012119
1046	4/12/2023	243	11	28.8709455	70.50840367	2	0	19.76720326	Intermediate	MeAt	29.63256008
1048	2/14/2022	406	10	19.06163765	55.28664249	0	0	28.56036108	EXPERT	MEAT	44.61575936
1049	5/10/2024	350	6	23.70801459	51.35128556	4	0	46.78685967	intermediate	Vegetables	57.06648096
